Grouped,Currency,Business day,Invoice ID,Ledger,Date started,Date closed,Currency,Subtotal,Discount amount,Surcharge amount,Payment surcharge,"Net AmountVAT 9%","Tax AmountVAT 9%","Total incl.VAT 9%","Net AmountVAT 21%","Tax AmountVAT 21%","Total incl.VAT 21%","Net AmountVAT 0%","Total Revenueexcl. VAT","Total Revenueincl. VAT",Gift card sales,Tips amount,Quantity of products,Table,Customer,Staff name,Receipt
2026-05-01 | Iuliia Nikitina,EUR,2026-05-01 | Iuliia Nikitina,788865|2026-05-01T08:14:06Z|INVOICE|2845868162|2,788865,"01/05/26, 10:14","01/05/26, 10:15",EUR,19,0,0,0,0,0,0,15.702479,3.297521,19,0,15.702479,19,0,0,1,,,Iuliia Nikitina,https://live.tebi.co/documents/receipts/jAtsNH6mlMAGjjcQ_044cTiIrzTXOe0idCxN4LZkY8dko_f6AbDaXLgbeEdjL8srDSGZPzDy2-LYORNmwBCgLvkYVfs-NEF0fZTY2QzszW5UqvC6LlQoAg52577hN3d5jysgx403LITVTKN5GxtmPaWdWajRuurmbjsU1UQJPFn4gxl_85Hu8KvWnBr0eQCivDz0kofAcGhAaPHiRlMnScGGK7CRkw32N2fu53K9WXhxgIAEfIPkSNSxRfcVx8X-2Rvph9qE7Ub276wt34TiOBOWqiq8Rctrp6SZWOT0Z70NDS0ujjCmAhBCJeHr_4W8P3Pnlr0AP-29T-3aaBlmzA==
2026-05-01 | Iuliia Nikitina,EUR,2026-05-01 | Iuliia Nikitina,788865|2026-05-01T08:15:45Z|INVOICE|2845868162|44,788865,"01/05/26, 10:15","01/05/26, 10:32",EUR,9,0,0,0,8.256881,0.743119,9,0,0,0,0,8.256881,9,0,0,1,,,Iuliia Nikitina,https://live.tebi.co/documents/receipts/fR2A5KzcEGSYOMC92pEGtIVHrm5tb_eHF1zHr9E1xxftPh_HFhlOt93GouQYldBC1VA8tFa8n_fWrobDoyeKeDX_8n_A2aLyVkrG-avnImdpGCUUKeddCXxcSXRISeMCB7-W64v8N6SaOjYv9JtXVZlhbPGf87NTsH87ZDsyVvQ8IPieiEhbDUumWGmeQQcO0wE8mk9RZEwOAkRqFhV8WKzofi-dq8XGTr2BjUqE8XCKhnuID9hTzY7CsPqJls5MdpnPaXf4y__S7izJkAhL7xhQwS0JkGWq7W2iMTvYWrR1SAb4mmngoqIuRes6HvbC2v4xQldEsoAG-NYkUCYigw==
2026-05-01 | Iuliia Nikitina,EUR,2026-05-01 | Iuliia Nikitina,788865|2026-05-01T08:32:32Z|INVOICE|2845868162|59,788865,"01/05/26, 10:32","01/05/26, 10:57",EUR,12.6,0,0,0,11.559633,1.040367,12.6,0,0,0,0,11.559633,12.6,0,0,2,,,Iuliia Nikitina,https://live.tebi.co/documents/receipts/bPqJsoJ-GCDpag_845AzE1zAJDmZPq3xIniQckNhyGBgNpJHxMkFx1UMekHBWYMnSsp_U3ogcxPgLHXwIvrpy0OQ4nIXnFYG_zzxtznvNpt0i_fDqx49uTwv54syL4bTR2sFg1bXsMfdzrk7ibUeJAlJZdwyKpRKQ0c_bY90kr77zx24d_U--Va1Q8vZ3GwCtEwJeHB9nTTKFT3H57ckpJ47JaNFZWNMjV74BKycUTvRrO614MWSmjqG_Di_Nu5SZge_TCOXdYO26iIpO-f76fHCgjYObnJ7pF3RWTCcLRvNECotUJQn8w6xXMp6tSG8so1yXP41AdwCFQoPyn_Wrw==
2026-05-01 | Iuliia Nikitina,EUR,2026-05-01 | Iuliia Nikitina,788865|2026-05-01T08:57:50Z|INVOICE|2845868162|80,788865,"01/05/26, 10:57","01/05/26, 11:12",EUR,12.2,0,0,0,11.192661,1.007339,12.2,0,0,0,0,11.192661,12.2,0,0,2,,,Iuliia Nikitina,https://live.tebi.co/documents/receipts/dnauwiEoTa0aB2VQ-6itnuQ_yWaCvSRI1gTK0r0CIYnbYaOT54RkAmvC2lyDvQIjLNzyP3QNNfqmFIK14fvuh6BXORg87wsXOekp-1NnFJbGQNoDz_vD335H6hO7LT75opv4ZjlCfDpWjecpTel4y_5LeUoSQmYDMwql3naf9xsYPMVqL5wWpggmhS0Xo8qOCboe8XZU_FYd3CANEGIqFur1QeuuOOJ0EHdFxhVig0w1Z6a5OmIFl6JSDQpSBvV6aA333gdZZLo43YzwcqpRSuOGikkFLhMVRB2-EisvSfenxvGeRRDTYPbKQ-KvbBBtuCbGCgB9Qbucblfv0meDgw==
2026-05-01 | Iuliia Nikitina,EUR,2026-05-01 | Iuliia Nikitina,788865|2026-05-01T09:12:39Z|INVOICE|2845868162|102,788865,"01/05/26, 11:12","01/05/26, 12:13",EUR,11,0,0,0,10.091743,0.908257,11,0,0,0,0,10.091743,11,0,0,1,,,Iuliia Nikitina,https://live.tebi.co/documents/receipts/nBu_yLiFPJONHJlZ0aTGHE5mYBMQzgzC2uvP7roMYxIInDTlM3dd50j57iHU0TMQz7cjxHhe9TNy1HCzlFl3h3reiDSFyqCHE8lL0T75y_XDs-HXwlI6a-HsK2PG8B2va2XJreCgklvAKSDauWGnd7uq_y6aWmv5AYxpobwNdLG2-T6-eomOA0yshad4aeqH_Y3eAlX_xJFh8zecU4vWuRvKPmKFI4JDml7Zxx8I7iDsXSMurQ5GIYsdbr8wVQVSGnePchhdTCX0kZDMlq2fuOaArzRbVyphojWpHrLap7Ldgbei3kObCaEXJqhoNohT19S5pleUlopoHY1qkN5PmQ==
2026-05-01 | Iuliia Nikitina,EUR,2026-05-01 | Iuliia Nikitina,788865|2026-05-01T10:13:02Z|INVOICE|2845868162|124,788865,"01/05/26, 12:13","01/05/26, 12:44",EUR,9,0,0,0,8.25688,0.74312,9,0,0,0,0,8.25688,9,0,0,2,,,Iuliia Nikitina,https://live.tebi.co/documents/receipts/cy3CUKcnV84chKn6xyaDKlZnK7_iJymMAsjSM44JlvsAuZ09JGQhTcJ6r52XBKjttfGir4VkiHZkr_vYTuNv50zp6bVQaJ2gxRIZmyV4OWlYxWEgZVcSSdoXbzmluRN32NWUy0R-SnhAUu6P-Ld2VxAjRw3LPYQM0IxBLgAURbjo7tDLmywBm3Yzt2GyLWrS0-oVLUNwb5V8s9IS83RcImGoxyNgCI1S8TXIkrgtjKVkoz8sTf14Z7t-U1vIX6Q9puBrLQfwMAS7zGY1DQF5DmMr6uM2EjaVAl-DGWabIh6FJOOhmkQ24DGCT7UuLb9PnMBGtqW-Xch5a-m8lqROOw==
2026-05-01 | Iuliia Nikitina,EUR,2026-05-01 | Iuliia Nikitina,788865|2026-05-01T10:44:45Z|INVOICE|2845868162|140,788865,"01/05/26, 12:44","01/05/26, 14:34",EUR,6.75,0,0,0,0,0,0,5.578512,1.171488,6.75,0,5.578512,6.75,0,0,1,,,Iuliia Nikitina,https://live.tebi.co/documents/receipts/nJPesQ_IICwKQum7f9xAxiNFs18Q4CVHKGL_6ikxkAYNmG7-bWhRfzx0dY3zVGcxJatHMcy-1du5hzoZehRusgG97UlAK4jwcPc7ZS2fPujL87axH6nOJbM2bDyIDcDvEOSTlfkhAmiwx6htLhbskqtNOIYBxMoBdjAkCjyU6EgjpIV8SE_sVoJsQR_sJIVXwLzR-H2WNg72lbjL6EptoF5rXLjfgFXbxk2tmfJ17m0hDZBuByas55_BxLttl7yvlFCcAiVBueK6owg-Op2eFew-QOa58IYUMPaWm5tPGPoEx79rO4fxmNjuQk4iCZN8E_aH4UKNCybxl6mlaHLmbQ==
2026-05-01 | Iuliia Nikitina,EUR,2026-05-01 | Iuliia Nikitina,788865|2026-05-01T12:34:11Z|INVOICE|2845868162|156,788865,"01/05/26, 14:34","01/05/26, 14:39",EUR,15,0,0,0,13.761468,1.238532,15,0,0,0,0,13.761468,15,0,0,1,,,Iuliia Nikitina,https://live.tebi.co/documents/receipts/AyDBz3rNBwoSYij9rJrza-i6rnrtxvnPC13ZczTaqsf1GqYxS0g6DajOJA8aCh-N7-oPPMXi-U6BZxL46fdjufxKoycJw8yrDpPqzLcAE4bnir2vsWmjPUVuaOvCknpCK6PkA3wuhrpkweMFTEPUdF-iRA03QwU7GXElwSOFo-AfKDZRvAYWqxT5kSzXt1k1nhBWYTooNNWQgSE9p3Z07cI4TG397sWR1iZPPuX8p1upuZ8765647Tu_7YeZhcKWA1J2-hgCgCvqy2lUNu2kO5QUm6DPmqiuxSOboX9-FJSX1DGBfChkrAGbbp5-EDWHS5v-zA8BG6PFZyYBeEqaIw==
2026-05-01 | Iuliia Nikitina,EUR,2026-05-01 | Iuliia Nikitina,788865|2026-05-01T12:39:48Z|INVOICE|2845868162|170,788865,"01/05/26, 14:39","01/05/26, 14:51",EUR,16.2,0,0,0,14.862386,1.337614,16.2,0,0,0,0,14.862386,16.2,0,0,4,,,Iuliia Nikitina,https://live.tebi.co/documents/receipts/WqyfbLdPJH4b8mZhYsVhwK8MlT-mX5xKqahcazHfp3Vc4tPIT4HY-RPxlrselHjTKoxRca27hny5GqXPb9y0wMoQO3Y19VK1nl1Yd1UqkReASmm4yPiFIiIaSZympQLRvj78FFa6R9RCB60TMw4jP1U-QJhEUsaExd801Al6dLpm8EH6QOfKFUiMTAZyPLgAbBZn5sdw6cjV5KLgX31vH13CupulHt-2aXYFhcf0r_2Q6JJl5Aff67Pof6DDt-8RA62HUF92xEDcnkvTfrZEiuQHnkTI_UBauZW-mcnWsyS8CYoGE7P3il_ZEn1IpIJiWCxcb_P7lJHf1yJcCqXDlA==
2026-05-01 | Iuliia Nikitina,EUR,2026-05-01 | Iuliia Nikitina,788865|2026-05-01T12:51:45Z|INVOICE|2845868162|185,788865,"01/05/26, 14:51","01/05/26, 16:26",EUR,42,0,0,0,38.53211,3.46789,42,0,0,0,0,38.53211,42,0,0,1,,,Iuliia Nikitina,https://live.tebi.co/documents/receipts/nE7q_-ha1ZPbAiItbPoFsas7PQGOKaeIoJTra36QFjbTtLuHtjNWXuNKpbUcZfKYrcH5AHuYREKdImkwa7NmKuOmR-Dh93PGdfcLBUK_Vce-vQJyPd_Oa5CqCSUgzbQ7q48W8WtDU2wTqwohSc0VeOGaCJcNL7P0B0AlHhEsbbE7GVIEJG7wmp0cqRp6eXVRIHx9_khFWc7-eY-l6tuh5d6mrRRNyTMNTqCxIsXBNhlfncM8BbzYIcJxzYErCkjVALxAZWV8SptwUhG5VA0ka--auzpkm7LvaGkyoZ4IOa_BQ1wbDm-4d02JoaxkiiKbsreRw5dap4gjQI2gscLFMw==
2026-05-02 | Iuliia Nikitina,EUR,2026-05-02 | Iuliia Nikitina,788865|2026-05-02T09:48:02Z|INVOICE|2845868162|2,788865,"02/05/26, 11:48","02/05/26, 12:31",EUR,21,0,0,0,19.266055,1.733945,21,0,0,0,0,19.266055,21,0,0,2,,,Iuliia Nikitina,https://live.tebi.co/documents/receipts/anirrQbx8N8aI-Emkj-yl_vT1vXCc94q5h7E9CR7UqsXn6U0pOdte9gRNNaurNKX6OHjlkk_0ca6Xi8oo-t3I2GegBOse9N0YRuAkAjfbOIC6Iu2BGbtEeDp04TmxT4v2S37aM5KeE0kwcPA2BBfuOnbOS35PaZqtcpiBcZ1rOXxoTmZ5S3HXQgis6qD8iDQjuQj-qR-T1tVvxtDID9eqDn-sdzhRhuocltjyAaBK8oo9B7u9Z6nAKvSbczRFZ-xC-K9i2JxZssVH8BAEBEOq9t77VwaV2qvzzYBBxxHcPNBpnsMy4Y7mlaALkbSAjVOIftaAJeJ_j6ApepfhAKk8A==
2026-05-02 | Iuliia Nikitina,EUR,2026-05-02 | Iuliia Nikitina,788865|2026-05-02T10:31:58Z|INVOICE|2845868162|51,788865,"02/05/26, 12:31","02/05/26, 12:44",EUR,15.2,0,0,0,13.944954,1.255046,15.2,0,0,0,0,13.944954,15.2,0,0,2,,,Iuliia Nikitina,https://live.tebi.co/documents/receipts/XBKikfXc48RdbJkxR15ywSTv9H9ZflyESMOIkrWNuHmNP_BPuRb_Nq97ooGF6ZyIOAMRNt67WGMpx3cnRys_Doa8NXA5mfh22QCSt8DNjcsgIt2NoOeKRAVhBZvqZuzXou66_npzsmOEKHws2oREAnva8CFIlnAcfDaDgsy6vIhvnwhxspwlkz87UF9EBIIQU-JP-rCmHXqjXqSCub5U1Ae4pSEU2eJBszbb7AhorfwWGr4Ffg7unEPkl3cQcbN8C7IcAqpivda55R0i8ApNjhgO3oNsYdJoKhRnwA8AwVg0gSmNyDDr2o0MIJ1SEcJQ16Uv51MVBKib0uDEVjcdyg==
2026-05-02 | Iuliia Nikitina,EUR,2026-05-02 | Iuliia Nikitina,788865|2026-05-02T10:44:49Z|INVOICE|2845868162|67,788865,"02/05/26, 12:44","02/05/26, 13:28",EUR,28,0,0,0,25.688073,2.311927,28,0,0,0,0,25.688073,28,0,0,1,,,Iuliia Nikitina,https://live.tebi.co/documents/receipts/gS0J8a19QhI5n-CApmqU7o9EhajnjDUwJJ7et9nvZcC5fxn-XlxDXrtSGeW6pmSaxBIfnOv1SF7UMDHuDJDVW6e-5FzjhkWGya34DUVGMQbmh3itIM6hFyihZRmx3kGZLFHT_3OerNZE8jrDfN8Fkk005KGXdSzez-CuLQp96-th2HBafXVIdC2eknAmDbURpV04kBXl6927UUSoqsY1ziygbPbMAWnIe_WdOcamkD3IGUgRWNR2N_3Gg8mwJGic5tYgDq-WzptjpgdWjoxEmViT36PES1ykKbTU8kFK8OacqAZP-0vQ9tnvox3lq99pZmgXhYn3mw588UCOTqTHJg==
2026-05-02 | Iuliia Nikitina,EUR,2026-05-02 | Iuliia Nikitina,788865|2026-05-02T11:59:06Z|INVOICE|2845868162|2,788865,"02/05/26, 13:59","02/05/26, 13:59",EUR,38,0,0,0,0,0,0,31.404958,6.595042,38,0,31.404958,38,0,0,3,,,Iuliia Nikitina,https://live.tebi.co/documents/receipts/ORHlKO5Y8b0kV2PwYV00A6OxYFWeiTULGGWNoeQGVrFBn9UcSQwydtcaMpRHgNZqOFqIQen3GUEGkaCx1ZSCwAf0Q1UWdRZIADT3XbFJKKZBgTPDmv6PqiFhF1AcbQSbGKbzzZjbEovD1kNySC4T5KjFBSGAiEboikbc6_zWETsh8gJ8SW79xAByJrP4UMfdqa0R-v7EQPXb9Bs_NhRaItUYf_3nnEFebzjBAw3FRJViKxdGpbpaKQBquAXJe7NN3x4XZq5ifvCdveewatlcu3n-4dlnNaX-7YpORL6bGOPtHltQcEWtptltJT0KdxUATX7rSp_ee8OlXlhuKvrQxA==
2026-05-02 | Iuliia Nikitina,EUR,2026-05-02 | Iuliia Nikitina,788865|2026-05-02T12:33:17Z|INVOICE|2845868162|2,788865,"02/05/26, 14:33","02/05/26, 14:33",EUR,23,0,0,0,0,0,0,19.008264,3.991736,23,0,19.008264,23,0,0,1,,,Iuliia Nikitina,https://live.tebi.co/documents/receipts/ajpqIm6uwdwY42lNQGRTFpmtNbyYnUCDTcL2Me8OEysMmpUicgIxZOO7h4i259g7fepZZhhmXumVklO-uc8HreanSWY6pOno9teDG8c7ORflaMISoH-jNQCJlcLZA6ygm6eK9OSbqIyA9-yW-Cgf8e1U4QtiWwQsjGfjJBzY3TnEi3hYxcsTe6I6beZnh_Wvo81g86eCIbUmgXJepudP5fPO9VOJiLo941m6HQrIMC3ey2jnH1NiVyJhqiBC9SJkDdyLCuVSpU8DxsBbTLbGzRWzj0Ojia-zijs2wWy8Nxj2OBhis7mSXw20PP-_tIcObq7s-hkmHMuinl9QB0l0XA==
2026-05-02 | Iuliia Nikitina,EUR,2026-05-02 | Iuliia Nikitina,788865|2026-05-02T13:12:14Z|INVOICE|2845868162|2,788865,"02/05/26, 15:12","02/05/26, 15:12",EUR,19,0,0,0,0,0,0,15.702479,3.297521,19,0,15.702479,19,0,0,1,,,Iuliia Nikitina,https://live.tebi.co/documents/receipts/kdV2AgJ5meWFIvUG5IgQkWoQ98mte-W-QsDH7mv4l_6sk5OllOkiLUVx1GeR955lNb7Fsy3x1ri1Eprwgv8YWrXgZ99AvyE7v_bmSh32MXR6yl-wYkIy4XnQK-qT4eiOTqi16DJgTSkzyhmhpnoxSusG4xRFWmzBNPyq9GfC2KjPFURCSpv9Zasw_Oki2PlY7lShPeQPI3vPlNrjGOj2fHVNAkXr4mgmzks52bGuDOQ2WjIMSQ2uDuN0jhmgsGRApCoiaAgBfw5TLiBRMCVPOmsqjbqeZ9eYHzTMVWjYBGG12oL5wt5gl6_3fUH80Bul42dqd8Mjqz18JuWm6MhcKg==
2026-05-02 | Iuliia Nikitina,EUR,2026-05-02 | Iuliia Nikitina,788865|2026-05-02T14:15:35Z|INVOICE|2845868162|2,788865,"02/05/26, 16:15","02/05/26, 16:16",EUR,19,0,0,0,0,0,0,15.702479,3.297521,19,0,15.702479,19,0,0,1,,,Iuliia Nikitina,https://live.tebi.co/documents/receipts/HS1WTHkGebbiCPIWe36MalxGYYh7usZr9fl36ppVHGG74XckUPVL9e6Us4n1ZbrcivNrYw1YQcDNNFFCJvc93nXxPvxCHPFazunRjoWJksBxw7D6XYrYc6nRead9fyCVsBPy89zXTaWO8MSTxdexULHuxqRGKn7_IC0kaNaLEGs_G_-mku-ViHpqBYZXkENShK2sPQExXq0MSgXdm85BwqclXeCUb5Cu0Giu9_bxv_2_qPkG6YGuObvDGvNeOUGtHiD22U8AdG6300Y7jnzyIO6Yu2h8uXQcoLX5SN9qXQtNI6nUf9dDVPDae0VOThK-2o__RuWfXphIQuBBocm9gw==
2026-05-02 | Iuliia Nikitina,EUR,2026-05-02 | Iuliia Nikitina,788865|2026-05-02T14:16:00Z|INVOICE|2845868162|16,788865,"02/05/26, 16:16","02/05/26, 16:16",EUR,7.5,0,0,0,0,0,0,6.198347,1.301653,7.5,0,6.198347,7.5,0,0,1,,,Iuliia Nikitina,https://live.tebi.co/documents/receipts/ZCrNfKjjQzMkj4UMGvdyZrpqavWD5PR9ihBUhi-NvSpp3C4eyMcFw1t9OL__C3DWnEZx0xk7qQ8KgoD-gHZ1xT66noGXkEo9SIVI8J5bhEMZjzYIGeSbMyaJenawRbTDcN2M_kdGFDjMKjTu32OiQXcEtUHC4p-9r-7fLO2LCStohBtQ6kkK7K1nirt2Q-WvjtzSCXJq3LV3UQmiKAsPU-pYzHh6KQNVfvHV55c1FqVacMxu5rDlTwiW_iJopZABthzWookT3Ir3LGDs0Q5y48Ba3fBOMcmdrMySNBb_fezyyf1D_dLhpl7-Of2gZW0gVKmbWMm-TK8hTKZgt-RgJg==
2026-05-02 | Iuliia Nikitina,EUR,2026-05-02 | Iuliia Nikitina,788865|2026-05-02T14:16:31Z|INVOICE|2845868162|30,788865,"02/05/26, 16:16","02/05/26, 16:18",EUR,17.95,0,0,0,0,0,0,14.834711,3.115289,17.95,0,14.834711,17.95,0,0,1,,,Iuliia Nikitina,https://live.tebi.co/documents/receipts/JnR6uhMMgp1Nj-IZSEzfW04jr9rLxoNr37kUtw-Y5K2gdGFOAas5iXf-rcI65xupoYqjOP-fZsM_tQhNBhiLZwHHLy7hiA_g5xJC5V7yUeGABHtSN0XeAIoj-29PPiy3NKeqTSR8LGEs_Hqq3le5OklPbjpj-T4iE13kwihxrCwQty9ksVOZl7LvP-9c2k3cWwJGWd4XrAOnK1WOwpdiYCwmoQcGXhx3oeMmx2cbUvQ891YIj66op-0qrCZNpgOKlxucS8iDsgKlKuGKJPl7Gcc-Jni68Kk7k9n3ZVXZ78JileJJqbMM1V4J7HvuH9mxbw6fxCHgJi_djH5gbSmjog==
2026-05-02 | Iuliia Nikitina,EUR,2026-05-02 | Iuliia Nikitina,788865|2026-05-02T14:18:34Z|INVOICE|2845868162|45,788865,"02/05/26, 16:18","02/05/26, 16:51",EUR,168,0,0,0,154.12844,13.87156,168,0,0,0,0,154.12844,168,0,0,4,,,Iuliia Nikitina,https://live.tebi.co/documents/receipts/Qbc1HX0WQisw1JkgtgUPplnWsaJFuHGl8J-YOXBjYVeajFmgSYFM-8zj-VQcVDjasYCc-t7VPjqRaVe74FB32lG1KIq0kV8LAExyaLLIK2XM_w-G6X5oMQWAnvZ7-OUplFiiLvlYkOKD8C-xGs3IbW3ZN3TBZdft56aArdda2x5EVGalrwfBrnA4MqxsgomxKSzIz7CTbzk66rQiovW6xxizamcKuG-Xf1uycZ903EoAPPEMIi3TrFQD26DqMtwFTiDCfnJrn2utMAS2ubDjiKy8H8aA7aZfq-TxeqD0xOnH_7s4jTNfei3WFB_2C6jhUHl5xQkU8UcCIMy7EgzFMQ==
2026-05-03 | Iuliia Nikitina,EUR,2026-05-03 | Iuliia Nikitina,788865|2026-05-03T08:09:07Z|INVOICE|2845868162|2,788865,"03/05/26, 10:09","03/05/26, 10:10",EUR,15.5,0,0,0,14.220183,1.279817,15.5,0,0,0,0,14.220183,15.5,0,0,2,,,Iuliia Nikitina,https://live.tebi.co/documents/receipts/Q-s6niDhvzUvnZWfwlxGKoPtIZdvxfMmHaxMyrZFd1kEItXRvIUeJBDm_C0MgRQpJ83LnNX3suHO0uJW1DBhRWpBq99YjoQ1Pqt7cQjzqOmU2mSVpxVCqmZTyXlmEehhxLRfBU3eHadbojIC2MfNUu5viQttUzKPEvq5ucIrst0JnuOsOS748C4WLikQqeJUfPOlFwVoFfvB09_d9XBBIejL-OUQW15d4JLOCpV1-BOeTZ_RL0RZHed5WV1zQ7Q6gxRyYRhs2hViOMMvB4j_1fbfqvUBQ-HsoVNm5bwvS7DfrZNKERVSb7NO5ltCiWE4KexkQMvQzg2yWmNOY9xAYA==
2026-05-03 | Iuliia Nikitina,EUR,2026-05-03 | Iuliia Nikitina,788865|2026-05-03T09:38:22Z|INVOICE|2845868162|2,788865,"03/05/26, 11:38","03/05/26, 11:38",EUR,29,0,0,0,0,0,0,23.966942,5.033058,29,0,23.966942,29,0,0,1,,,Iuliia Nikitina,https://live.tebi.co/documents/receipts/msWIPqhNdwxFzr0q3uy1UPrsTEF8VA7J_-gBDREnBXHewy1FByAOMde9FWkxkWAVDx8edv2SGexgUxgD2piB4q6K6H-FAc23wq4WRLn3c7uzcVoIZcq7lnOb2fcUPoBOQFgTlCCJIZ_rvDnfPlQ5ZZ6OW6HAxHR79rNcPbVMea2vTXy6C2aRADWQj05mih88r1pSiIAPfp7updtProC-LVdrxXA3QIzuh5qNNk5BAobyK6Q7kcMMzWvXfSPyGmd2M3KweMWSzy52MJENZRZIRt5UiO-taMcZ9bibhbUnoyE1KWEDawo7CWi9g9E2tVIs7-9mW_-C-GGTumVQwBwO9g==
2026-05-03 | Iuliia Nikitina,EUR,2026-05-03 | Iuliia Nikitina,788865|2026-05-03T10:34:28Z|INVOICE|2845868162|2,788865,"03/05/26, 12:34","03/05/26, 12:34",EUR,4.5,0,0,0,4.12844,0.37156,4.5,0,0,0,0,4.12844,4.5,0,0,1,,,Iuliia Nikitina,https://live.tebi.co/documents/receipts/mG6Kxk6XYHvzM7VUtnBUpulomP3sMUBpLHNSf7WGpT4ACbHzbNDAuP9bjNFjm26pJSNAdwwdhhQJewIFyxQjRKDRMRYe7Hc_bkjYx6HNc_C9cuRY1NGHpShAIt6XdhwGlobewCNooPRLwtzlVF0ZfrdrnPEMC91jn8PH_Hcjl55Oom2Qhz97sQ3A3f0PzfDQNQYrzvSjni1Xj8Aa3g47lHq5FxHQXCOyqqaIIcv9V1VnFPQRSMtxhLeVxszv-_NaYuIoxBJfZ-u4VuPhJTA1CderToaqGACgBc6xSGueTtWPkC7XAps1ag_Na1ngkRhxmnJFSndHBgGz9JUJwFmD1Q==
2026-05-03 | Iuliia Nikitina,EUR,2026-05-03 | Iuliia Nikitina,788865|2026-05-03T10:34:43Z|INVOICE|2845868162|16,788865,"03/05/26, 12:34","03/05/26, 13:28",EUR,4.99,0,0,0,0,0,0,4.123967,0.866033,4.99,0,4.123967,4.99,0,0,1,,,Iuliia Nikitina,https://live.tebi.co/documents/receipts/bilfDsddTMskfD3mKQS-dZDL98Vg5lM4_CZSh4IJaahSWsYN3AhL2W0V9IF0jqcI5H5PaPV0rK5SfpIi1rOUlKpuH9FtAIYg5KExuTZnOqySkbaGYAQEZ7W3Dw-LvZX5Qnk6kPyc7Se14ud07LcISr7MPsv5juNXwZyYyvuSxt-KQZDZFhP6Rwld6bNS4OTQk3DKJ3ESslP9YgUNN6_VHHVHP8vStoEns_fE9AulDpGU4UIbjZr7Anft0D6oMPW42eRlFxcipbr9ee8e7Ao8vbJkhXbkTqBybpp2oFqKP5O1dvIMzebqlyqYOD8eiCYNmxaNdtmjz8LkHCrEthtu-g==
2026-05-03 | Iuliia Nikitina,EUR,2026-05-03 | Iuliia Nikitina,788865|2026-05-03T11:28:26Z|INVOICE|2845868162|32,788865,"03/05/26, 13:28","03/05/26, 14:43",EUR,12,0,0,0,11.009174,0.990826,12,0,0,0,0,11.009174,12,0,0,1,,,Iuliia Nikitina,https://live.tebi.co/documents/receipts/Shbn6YD-ac76oVqoknfyzjMSlX7iQHsEBTaP7-k9AN2edf21gBEDrV4s3mwC1LQST6FHhjtNZSkJcUxOYrmSEp9XGH6M6EKjQ01mOVwfC-mWH6GlZ9I6WTnrVzouGmNgztEMCYnZk5FB5rG3qgaGqY0J7z70MiuhA-LxGzr92TmC_eGwERSM896W5G1u6OmXdgV2eI-_mjYsrQZO3COvp8vchuKoyfIDe-2RcYsnT8ETVEkfER5-m3LVUZfF1Xy10UEDFD0tZMoqtz3Sl8ub_DCfXd1yTaiuH9zQtXMvIYxuw93H483sWlowL4QzlzuxrTHs6l-W5gMZvh1KMcotcw==
2026-05-03 | Iuliia Nikitina,EUR,2026-05-03 | Iuliia Nikitina,788865|2026-05-03T13:43:12Z|INVOICE|2845868162|2,788865,"03/05/26, 15:43","03/05/26, 15:43",EUR,17.1,0,0,0,15.688073,1.411927,17.1,0,0,0,0,15.688073,17.1,0,0,4,,,Iuliia Nikitina,https://live.tebi.co/documents/receipts/hFb6gqN0i0VKHhEznoND8qxYw7SGbwi-Y32osqtKZ-cylXR2m7CYCkL6Ne4YN8Ma9zs0hI-Krdu1kymCk89b6Hv8fICN9ni-gUgeayZf7cxsx1Zfmil1sPjnhTPWg7P58BXNI4GNLpMlUvmZnU9bTm4VBqqE7r82crLxrMEgoWBPb0KFiHVXHLlTmqIFcXX9OhjHFmDd9geHvjfMQoJUHE1wtR8qsklrObUgcaNWshnWbVMayUEnvX1ChOCJsUZNrI7DWyqlms64di-ozvNTW5qNLBRxSLz79pO4ro9pyLdRHBcYnFvQwVVheA82RBJEYmrpxZjFkTGBT4Dspw2bog==
2026-05-03 | Iuliia Nikitina,EUR,2026-05-03 | Iuliia Nikitina,788865|2026-05-03T13:43:54Z|INVOICE|2845868162|19,788865,"03/05/26, 15:43","03/05/26, 16:14",EUR,42,0,0,0,38.53211,3.46789,42,0,0,0,0,38.53211,42,0,0,1,,,Iuliia Nikitina,https://live.tebi.co/documents/receipts/CwBtwEQASTvsigRp1Ap7HubjAxEn_4hO2gMok_qxdShTjwBXZw6zNSUviziCzCTwa5m9U2mgDh_RZBBPS8_WPk7kC3ik-toHDOAHJ0NAuMyCCHTOKmV1YYgyr2GcrUxLi0QCHD6MW1jw7HFtUjcxiDVhzAglKV7Ddj-9ex5q1cNQKYrJ9zX7Xi0H0LSGjiqGGGtvN0E20zpxP1vVvDBXK7USAnpcmbEcLPR-GQomZryrPz1UfNrvvop1olN7GMfQtxrLdaIY-kLdTLUw_l0Gl3asjmuX1H-_jnK9XlW48rcGrBgpvIaAnJOkICckQ_IjTSH6vMkbBF2aLD6GSvf-6w==
2026-05-03 | Iuliia Nikitina,EUR,2026-05-03 | Iuliia Nikitina,788865|2026-05-03T14:14:20Z|INVOICE|2845868162|41,788865,"03/05/26, 16:14","03/05/26, 16:43",EUR,118.5,0,0,0,0,0,0,97.933885,20.566115,118.5,0,97.933885,118.5,0,0,5,,,Iuliia Nikitina,https://live.tebi.co/documents/receipts/Fst0HcYlq32FxI-OQ6e0mydoP4geDqc2VP9cVzwsCix-6UJCHmzwjMZfthYUS8OGd_hV-ba245_ipNHo7j8WpRxaDlVCOaUqVbOS5G6yNbDq59BkxpCeLh2_1Tbwq6Z8SN3vCXtUrqA1GRnSujzGaLgiLZWs16o53LKzxmT6U1hJYVFi2h6U0I-rb-TFcmJ2R2BhRS98sq7VatOtDNRClHlqBfYkNL4K_80d96EpGkQIfxLu5p6-BY6_BqZsDgyzxf69H9g2YkGY2d_F6Cl_d0Qa13uz1f9-yTjm1qwP4b1o9y3yHMM87jVsaK3drfWVMLPIgiFWRKL43QDJmbkW9A==
2026-05-04 | Iuliia Nikitina,EUR,2026-05-04 | Iuliia Nikitina,788865|2026-05-04T08:41:44Z|INVOICE|2845868162|9,788865,"04/05/26, 10:41","04/05/26, 10:42",EUR,17.95,0,0,0,0,0,0,14.834711,3.115289,17.95,0,14.834711,17.95,0,0,1,,,Iuliia Nikitina,https://live.tebi.co/documents/receipts/Y-jDUiGShkiZN58_LADUc-eyq7xiNdy9fC-aZQQgbcDL278YanUbfprNQiRUWvpCbBhL7WODNXEXDd-ifMXSU1JtrTNitLROZ6Xm1JgBYxFZUoQoB8F-1A8EsiPt09Jv8KEU9-AhpDsM_4DNz8UnbLHx28PhvNb2LXvTTfiddqSrViVK0pG5G2ZRD_1qm44_6QFgyiA5kA32Rl7hvl2hzKlEMmBm-JInx1J5OJwFFg5xJbTWSCccWKjJngqng2UqHYsP37SuZjQHLFP3qOe8bgnJAfd0IjgXF61TydlhIz6Dp-SOXycjGIBG6WBC1FYbXoFoYVrRhN_D8_rXvGBVFg==
2026-05-04 | Iuliia Nikitina,EUR,2026-05-04 | Iuliia Nikitina,788865|2026-05-04T08:42:11Z|INVOICE|2845868162|23,788865,"04/05/26, 10:42","04/05/26, 11:57",EUR,249.5,49.9,0,0,47.339449,4.260551,51.6,122.31405,25.68595,148,0,169.653499,199.6,0,0,11,,,Iuliia Nikitina,https://live.tebi.co/documents/receipts/a8EXXFav0tkeHtfphSS5gv3wbZNhN0wwLIv3CTNy1Z6rbDUeYNWV3q_26SKA1DQSxrdxS9pG2uoh3IVsKt-npVSg44VDZo0vijAD46JgtZB9bcSFj-88Ts4nOaV8Z8J41pwEew7GlkZmOkQnuzH25NJeHTIA1ACBZDr_ao08N8uJXJ415sttK2NbTfkTtz2-twzB9VIikfvMIy-93FwUiezMdwLD8YS3pkMWEGtXLqDK3LQmsS-5vdZMO2kTTgP0qbeL5GymbwHIyZuJjBWRo97__9HKz7I8K7Pzta9k0v6OSeXJw9I_AlTdwO0bVaQMoJ_wkhRbZ_rqe7bi01o0-g==
2026-05-04 | Iuliia Nikitina,EUR,2026-05-04 | Iuliia Nikitina,788865|2026-05-04T11:34:30Z|INVOICE|2845868162|2,788865,"04/05/26, 13:34","04/05/26, 13:34",EUR,17.95,0,0,0,0,0,0,14.834711,3.115289,17.95,0,14.834711,17.95,0,0,1,,,Iuliia Nikitina,https://live.tebi.co/documents/receipts/dg-gddpeodagQ5fGLX0La2tNcTlrJKS3916e0DcVaKD04G-lg4UcL0cP-EL5xFwdqPd4wSM66kikxNXKW6vQstcvGTFl1tk5qNtQoHw2p4ni3rwBQi_dVqHF78PcfxghiZcxm_iAlw2tNB5WiA7fAuLqPX8WcC0jeOB1nn0a1Fb7XchorUZR8UV41Fm5rSfS0lMGOMg2ii5EocZ7sRgSRK4Lxe5cZ0_j-ND8NNt2RuLnW1GkV8lmk3oxVGNZRlPEd0JsTM8ElM-62jkv_pvXKv4ellIii05lL6T7RbJqHmpZUVQGmVHL_4MSksbBhmtLujZJV3XdFqKZvjfZgrQe9Q==
2026-05-04 | Iuliia Nikitina,EUR,2026-05-04 | Iuliia Nikitina,788865|2026-05-04T11:34:44Z|INVOICE|2845868162|16,788865,"04/05/26, 13:34","04/05/26, 13:50",EUR,9,0,0,0,8.256881,0.743119,9,0,0,0,0,8.256881,9,0,0,1,,,Iuliia Nikitina,https://live.tebi.co/documents/receipts/Xlw9VKP5PZOH86obigJKm4xCiO90kQd_erTkRbZ3YAvO-fY_iK-vvOkD-bX68-A8vEi9JKr-6H1b9CVN0odaV6baQsB8rdknrKlQXNEadZuEYh4y8_XnyKWKH2YqzB4oLqevC52hyMIO8VJNAHG8Az_MYNFjNg7eVPgp4502kZcH3qEb64O4X5aYyYyMAdE40uIEWoP4E0W-UVVpFCk9nJ7XMUXhFut6mJ_kMMrCNLVObBg9EFpRj9VOiyjIMiii9KctWKg2O4ak6LNnlJyRq3OH1u5GbFXoJvVCY1g4KyVwkfdvLhCpmuzbrMVMxnwD_F9K986seVI_w0KTSO1CMg==
2026-05-04 | Iuliia Nikitina,EUR,2026-05-04 | Iuliia Nikitina,788865|2026-05-04T11:50:55Z|INVOICE|2845868162|31,788865,"04/05/26, 13:50","04/05/26, 14:02",EUR,89.5,0,0,0,82.110091,7.389909,89.5,0,0,0,0,82.110091,89.5,0,0,6,,,Iuliia Nikitina,https://live.tebi.co/documents/receipts/ZMGfbDGC8vkOlpq9TsTF16_R9sCN08GQKnP_2dWRP8zkgnr6MDXQU9NyekHd2vUrfyp034T_yqEkk8tDJ8bbg3I4TpW4NX9DvXNZi96hLgSUl8qJ0XdlJ46Iq3p9RswObLs6jHYkCbOcZvYH6yknTAmjKDuqJ4T8_C_OACo3NWWUoXmAgpxf4cG-26VTWD8osfgCeYwwRWf6MMEjNueBJbO75LHoO3u70hJ3tAH6YyxOEEWWSgDVuoGjvQgC6m-aMEs9Ynd62StFLOECuagnKC0TkHJfWQpR8qTTabpilAmxGqzPKJvHtubvth370EhYtVpFXNszDPSVCbgbHNi80g==
2026-05-05 | Iuliia Nikitina,EUR,2026-05-05 | Iuliia Nikitina,788865|2026-05-05T09:00:52Z|INVOICE|2845868162|4,788865,"05/05/26, 11:00","05/05/26, 11:10",EUR,42,0,0,0,38.53211,3.46789,42,0,0,0,0,38.53211,42,0,0,1,,,Iuliia Nikitina,https://live.tebi.co/documents/receipts/CLKPXsm9LINUuY4ufmFSTb_H7_MsF8ukGnrKNQijQzabnFJx2wtoVp80dOuhW74lGFi35Lp5XKNSirBAmlnOzqCmYH1Y9ZTpsf8QabCgYUoFw66FfAF5JrpneltuvnknCi7K-I4RKzPSGghqlrg9Sq_n50dm4jSaSUaSf5HXVW8KGhATipTOAfDcLvXlnVvnhsV1sckihjt1FADSe6rApfhHOG2bjeIcHLQV4KYrElhp75Cra6XYKKsKrS6mdJVPYXy9W3dkDQH_6zuufV9YKUN5i2UON41QHliayTPXesfudIDI4oK-G_Vw0GbH2dVg-iKZQeRg7A2oeVSGAlrh9w==
2026-05-05 | Iuliia Nikitina,EUR,2026-05-05 | Iuliia Nikitina,788865|2026-05-05T09:10:03Z|INVOICE|2845868162|18,788865,"05/05/26, 11:10","05/05/26, 12:19",EUR,42,0,0,0,38.53211,3.46789,42,0,0,0,0,38.53211,42,0,0,1,,,Iuliia Nikitina,https://live.tebi.co/documents/receipts/aq_UJIwxnlOvOgsdApERlmqjzi09dJGQg_rckqQ_bUmmdEIhclbl7UeVfAuxVspppArihXUUl1vkYJcg8xtoiuXzXy1dBAFBVb9b_3sXmV64MEqmXEOJOghxpyuBw7e9oCJU6ilPIGZwTEIyzhcDUZavTzmJfK1xxHBnMDpLbMXez-0s1vIsWAIcP2BuVEPGJECN1bvbE0w_xtaAZQ43OpLyx25hUj6_nRc7RgFeQxkLk3MliaWP194VWnnRzHZ_zQ2ZYfisou520HPcOs3MqKCSNtun7M28hGJr2z1ez6JgRjFhVE-bpqiw90KsxrFNFUFWz0gFCwTbNN-23TIIgQ==
2026-05-05 | Iuliia Nikitina,EUR,2026-05-05 | Iuliia Nikitina,788865|2026-05-05T10:19:48Z|INVOICE|2845868162|32,788865,"05/05/26, 12:19","05/05/26, 12:20",EUR,17.95,0,0,0,0,0,0,14.834711,3.115289,17.95,0,14.834711,17.95,0,0,1,,,Iuliia Nikitina,https://live.tebi.co/documents/receipts/AB1qIw65yVWI0YJ4FGeTHoTzRILXGlr4PDIiFNui-2BotN1mBpImjT7URVQCUEZa9kRPNdw1QnScP90RkgNNwupAbg0lHnDzuPepumwxXOqVe1P90qyOaXTOqULiE5J2hQLjavTfvH3nb-DhttJJyxJtuofvIGBdaLv1TK9VvDP07O4CHgnV7TUnhktcRrPR5Gu9A0N5X89f1aSQyZMYl5H_5_30r6FauEeL6J2wuGvGVYkYEQUT26Sm_Cnulu6NoVamyfed2XJnyGBfmdZIPP-phwIjHg96gozIClIS2XbW7Frtl9BUiBwGZcHlyWyEMW2jOe86ZI5TDhk7Knt2lg==
2026-05-05 | Iuliia Nikitina,EUR,2026-05-05 | Iuliia Nikitina,788865|2026-05-05T10:20:40Z|INVOICE|2845868162|47,788865,"05/05/26, 12:20","05/05/26, 13:31",EUR,34,0,0,0,31.192661,2.807339,34,0,0,0,0,31.192661,34,0,0,2,,,Iuliia Nikitina,https://live.tebi.co/documents/receipts/ig6Ecs50fjo_U9Rf3N3JgJKLKq7wXwWcNp74im5jEKM_EEWiznLq-iu0Bi7q25UR3O6Z3JZWQp_bZqLIxyZWudCMpxDxZg523FI3lWl_0B_Mupm7o-hjBogaeuyYnHv-d0MYv1NPA0Xr27_qNFTrQ6gVv46aKYdFKLFgie8dLVCjHd__-67PL99FZc0zq9_xoq95iVXiQhYfk3tkMTnDF2-iRyQ5ysm9yL7E5jpIBXO79Jhu_akX3JIk_AmgmSguKa8xhNLPMDR2V7vZEhaPk2DGu3JNHPZuJXaFwpZnjcpcnMmVf4ULyWI7rc2_KLcytFmHa2sn2BjUBWljvsohdQ==
2026-05-05 | Iuliia Nikitina,EUR,2026-05-05 | Iuliia Nikitina,788865|2026-05-05T14:16:38Z|INVOICE|2845868162|66,788865,"05/05/26, 16:16","05/05/26, 16:17",EUR,29,0,0,0,26.605504,2.394496,29,0,0,0,0,26.605504,29,0,0,2,,,Iuliia Nikitina,https://live.tebi.co/documents/receipts/jbv41poMuQT9HE5QAYLQmIJTSMdXPsgVNd0-aEvnZztUPrgVC04m5so984mkoK48EF0F8XEzeIVt_oiUOXBwXsrL02kDeanbUvASVIaLF4xCarAliiqwK3pY-HiufDkiEshEGBIqCk2ZlpRaXvXRlQ5tzuvAYOegpPFP4RF_Ac24yUZrwqROt7WCG40Qt24gxXOZ4ZgBGJ2dK7eLUrUOW3bTc0L1jB0q23JozUH0CUNH3c51D_j2TBxokCKuBBiVzUaBYUFsgZseNtCTQdKEBA7eGiNdbuxrIEYG1tCVtWf_ZYC-wsqvFDqq_PHlpvDKzIJuumMZ2_V1RO5UXnfJAQ==
2026-05-06 | Iuliia Nikitina,EUR,2026-05-06 | Iuliia Nikitina,788865|2026-05-06T08:48:28Z|INVOICE|2845868162|2,788865,"06/05/26, 10:48","06/05/26, 10:48",EUR,42,0,0,0,38.53211,3.46789,42,0,0,0,0,38.53211,42,0,0,1,,,Iuliia Nikitina,https://live.tebi.co/documents/receipts/dlRL_8KV_WLwsLaqDVql6vV9sJD9eAJ7U66tpL2Cl9GKVOBnYLwhZ8UQ7bwDuRjxqNQ_1fMbgHAhwjweGzCsDL-wWiynLR-MB1T_qqL8A6GVP9yxx4ZRDB9o_8HY2ejvXl39tSox-VeN7fWFHE--Jpqu7D3RnDD1jw4V0yF1koZAZXhpQYRqm2CgClC62R87m_8gvbgnUnXU6O4cm12S8NsgEj2JpIOJc9ZjWrqykVxkpPR0SmopFMoFbG9La8qjDiIYak6H6pJAin2feQnaV_uVWnzlWnzkOC12GKWfymWfxbglGKFp2tP8fU1GtrrdfCMHwrFL-xiwnRikJKZE8A==
2026-05-06 | Iuliia Nikitina,EUR,2026-05-06 | Iuliia Nikitina,788865|2026-05-06T08:48:46Z|INVOICE|2845868162|15,788865,"06/05/26, 10:48","06/05/26, 13:48",EUR,15,0,0,0,0,0,0,12.396694,2.603306,15,0,12.396694,15,0,0,2,,,Iuliia Nikitina,https://live.tebi.co/documents/receipts/njjOWAB3S1yBAJK8imD2g9x6WRtP7DFEU8bAOUNIGO2ddw3S673BxwFL0F1beMhN2DeAkTkKqTzvslBm1vQG1HpGwtcD4OMsYb4u_lWWXOD33KZLYo7apm4ptqD10rG8QoqNgqEjjRJXqmb7kGMkhZnCS_MzUkO3lg8_bIJEYn9IsbNbOuuMAlOxqKidpuihPeJD4HcNac0fWY-OD7irHfukFTKTzvvTAac4M0kgmaINdys-WOyMi3A2swPQdSDRhdEZCbZE5Z-RhaCuIvs427sDgSZY8AFLCNz8AIJKtPc5nXgbyNksWneqc4uG-HarRBUbMxMkGcHA6cqTada2yg==
2026-05-06 | Iuliia Nikitina,EUR,2026-05-06 | Iuliia Nikitina,788865|2026-05-06T11:48:52Z|INVOICE|2845868162|31,788865,"06/05/26, 13:48","06/05/26, 15:18",EUR,42,0,0,0,38.53211,3.46789,42,0,0,0,0,38.53211,42,0,0,1,,,Iuliia Nikitina,https://live.tebi.co/documents/receipts/SiTgizzcydOqpqDkFAUfwDl1Hwxa4puM_0EnTBTav_3v4Kdq8iKq4VjBDjr_SBPwXI1CHruMyZtnTnlA_hmCKLPframPxC-_HnXCtNkN8Cx0Sx0mnZm5puFEMLieOm5iIrOVEvTk3rShp9DlAM9q81q6zG7dyGmOB4iv2j1mH9CvX_l3jnDscdYszYZbROqCFqcw7UwCz1rDH_RfWNUg0q2rnT0fQ6bG42Xbk3lOPnh7rbQmTWo7sPk0jWV-pJE7eEFAqPiilXGCZkYAqGLx3kW1D3a-DALnodgEpdxEXJLDusGz1-i3lztQUPV81grqUb1pwAkd8CFKgCoJm7LLSQ==
2026-05-06 | Iuliia Nikitina,EUR,2026-05-06 | Iuliia Nikitina,788865|2026-05-06T13:17:59Z|INVOICE|2845868162|45,788865,"06/05/26, 15:17","06/05/26, 15:38",EUR,42,0,0,0,38.53211,3.46789,42,0,0,0,0,38.53211,42,0,0,1,,,Iuliia Nikitina,https://live.tebi.co/documents/receipts/gqqaakBp6hmzLikqmkeugZlY10O4Pc5D8zb0ZBblQ1E74wYRxjDj6w1jTNwy5GWbFL-qKcpneiNy6NdKdjxlhR542W599K033iKDW9YvNUpHvIZPXS9YlbJ5SM23oBk1zVXf2LkpQdpc0j0PaVBVp-MDVIu7MERwXUSwy1xPINLdAOW6yk_wv6M-PEnonVizIfmFzGhmHyzT1rHjc98iyxWa6LmoRYWDLleSMAWgaIjEj6H0NDO1EmNM6RRDFvMaGbN3YDEIh0wd5Uwe9QYJaawFafRyP02f93hzTZadUb6FpsPJjdQILT8jd9xUzLnVpsctByqpgm25MY-ellUMuQ==
2026-05-07 | Iuliia Nikitina,EUR,2026-05-07 | Iuliia Nikitina,788865|2026-05-07T07:59:43Z|INVOICE|2845868162|2,788865,"07/05/26, 9:59","07/05/26, 10:00",EUR,7.5,0,0,0,0,0,0,6.198347,1.301653,7.5,0,6.198347,7.5,0,0,1,,,Iuliia Nikitina,https://live.tebi.co/documents/receipts/KKM0dAucCbcihM5erwj2lCrl4sjTYLTeLpCFp2ZWVWafl8yPIAt2T9qCOihAuYl_-BgByt4mJBQz5_wwqLvTK0r9jg9KgpZFkakZbH-nPX_Az5cpymJAlSZSOhVFp_NsZ-KF7i4oXfdZ_uhUpKCZu9sUsqfOgAM5SpXsHjrmKGxpa1VZhfrtMYrBvtDjDeMjkFRTNKHpqQUG7oh5aXsfQkhIaoe3CQqoU5l2dLF9er8xhNeIyTbiEvUMONFoqlXd7V8RF0Ko3fJkkUqlx3yuaZGKyYhZ0E2xiIY8UlvcXuxrjRe1bVRHTl-B7Bk-Ov9tYr1D48l71vk5ibamutBs5Q==
2026-05-07 | Iuliia Nikitina,EUR,2026-05-07 | Iuliia Nikitina,788865|2026-05-07T08:00:08Z|INVOICE|2845868162|16,788865,"07/05/26, 10:00","07/05/26, 10:23",EUR,42,0,0,0,38.53211,3.46789,42,0,0,0,0,38.53211,42,0,0,1,,,Iuliia Nikitina,https://live.tebi.co/documents/receipts/AOjpdiM3X6IV7KZsU0Y00wM5SfZMIe1gUMGHnu0o1hg8rl6bDwe44LYfhOsrXwyAAdqdcqX6fwGt6EtMTc0cHW3NQrsRHxykT0zYbyNNUhYGZlbN-QL19si_tMIoE7NH9v_lZg226uHTDG9VkxqF0wMoKbBWbd9dodRL6yvAK1-Ny_9_znoAKDJ5pCKlfsYRUBnMO2d0TOyRQZ3mRLvFzpMLKFozjhbzAte14SG5w3v9IzKFrdGr7NshKpd1n5UZ7gkYBjerR4iTD04lrnTEGLDkPneHHeQ1lMqS_7Y6vlrIGMn_hPAmQmR6noTGfKtQwQZWCJxLFVmviLkk1L3lJg==
2026-05-07 | Iuliia Nikitina,EUR,2026-05-07 | Iuliia Nikitina,788865|2026-05-07T08:23:42Z|INVOICE|2845868162|31,788865,"07/05/26, 10:23","07/05/26, 10:31",EUR,42,0,0,0,0,0,0,34.710744,7.289256,42,0,34.710744,42,0,0,2,,,Iuliia Nikitina,https://live.tebi.co/documents/receipts/kYEMcgDA8ijPQl6hhdDna0C-LtBOsqzCMJLWWQ21ryhweTeUlR_mg52I2cqtdMM2Ptn0QJXARx_u5yWvVhKNRsjBL-LL84gwARD0oaxiwB__5uROKh8kYXMrfAjdcLhJB7s2-iakFiutIao8cqLInxqpNzm4SjuQmRlsqho8tqvqb-x00MTOG8qBDOGrsJhQUB0-W-xVmqMu-sQnOzg2FhSr1XeOtu75dEzzIZPc2YDUhvYRXs65Gbtz1rLp-83pvtHOelPUYUma1jVSnhK2zqwWbxfnjVyR3OmBxywh5YK8A5-DeInIKDoB_KrqjR1Itf9tnrBV-Yh9mPOgRvKivQ==
2026-05-07 | Iuliia Nikitina,EUR,2026-05-07 | Iuliia Nikitina,788865|2026-05-07T09:38:23Z|INVOICE|2845868162|2,788865,"07/05/26, 11:38","07/05/26, 11:39",EUR,9.1,0,0,0,8.348624,0.751376,9.1,0,0,0,0,8.348624,9.1,0,0,2,,,Iuliia Nikitina,https://live.tebi.co/documents/receipts/humgcIdquc85FfWCvwlJFV4ZGZwxah5iJHfYHAiYja0Cn46a5NuqwZeVfANO9SCYH7d4w9jWI8KGXDRmdCSchyGJySukLwousByvAomyXWwh-3VUQwIMXUYi-Ee2y9oZ_pGgKfhmO-6U_Hv4zBd8pbsZa5-uZwn4VSoXD3qezYEWiv7OgSatHWpkrrrr0krrJ2_TTIg-YQ9wl7cw5FvyAlVsUHG_S38B3EnsvnjCBYBq67rtZ_GTvRDTktlntTDdVlowAZYaRz6VMZeW52BpQ8lrHW7CAfeNOZrbU8BY4BLjOJ1dQNCPLWpnGlUNG0LPJdGxbC6wv5QuY1aVo9l5xg==
2026-05-07 | Iuliia Nikitina,EUR,2026-05-07 | Iuliia Nikitina,788865|2026-05-07T09:39:33Z|INVOICE|2845868162|22,788865,"07/05/26, 11:39","07/05/26, 12:07",EUR,42,0,0,0,38.53211,3.46789,42,0,0,0,0,38.53211,42,0,0,1,,,Iuliia Nikitina,https://live.tebi.co/documents/receipts/W0DB9neeQFMw6-CFmt4sxg7k-RwsTdPmK-bkEmwMXpJYvzfwjugtM6CBGvGRKP_r8VkAWvpkbcAMRUNY5sNPs1QhVia2KaL-zMXmWuskp7NfjT5IDcXdiTiVv_so6u_gheRBDXXEM78WEzxOJh5Yat79y7sjBXIim3ffPJ98SdbPRzZQTjnj-7jiPYCP0IbdETQt5JzQH95nsjt9hVkx_GzKcH0twnCA-BSw3oRB4_8QkRxofLjRy0cEBJvqwHEY2vhKwiIm3V__Jv3AW4UY4C1GIF6eulTyzqexAcDMY2YGtaOWzIe0OIJ9AJ59SEruVj8ML9z-ICpguB1b1-kb5g==
2026-05-07 | Iuliia Nikitina,EUR,2026-05-07 | Iuliia Nikitina,788865|2026-05-07T11:15:53Z|INVOICE|2845868162|2,788865,"07/05/26, 13:15","07/05/26, 13:16",EUR,4.1,0,0,0,3.761468,0.338532,4.1,0,0,0,0,3.761468,4.1,0,0,1,,,Iuliia Nikitina,https://live.tebi.co/documents/receipts/m-DjC1zw6Y8Mlxhd1TbJn8lHYraObWqXUHtdEUjMw4rwYfqwSoCF-AcYu-qDoltipYyY6E9jEzeFU-ZmwDdmhGoO863MTL5qQyfzPA4tPEF-rcGROH6bCJ4sOhn9LhHB_HpsWzQQuH0c28kjlwRRdfO5D3aue8_W1KoOEAxDTbvhATAiu1Ra6Y8opvPlxzyYK6HCwzpgLxcIWyjZ1oGsr54vnlznNElIqKqVA5mnrDvZ16qarwZkVHwp1vmxevB22kO1TXylakfE4y0oxt67gdk228Fdtny8ZmrExeak8WcqRcWZyAh1rObB7RaKceUZ-0yHkvkXZXH71ygQJbAIYA==
2026-05-07 | Iuliia Nikitina,EUR,2026-05-07 | Iuliia Nikitina,788865|2026-05-07T11:38:21Z|INVOICE|2845868162|2,788865,"07/05/26, 13:38","07/05/26, 13:38",EUR,18,0,0,0,16.51376,1.48624,18,0,0,0,0,16.51376,18,0,0,4,,,Iuliia Nikitina,https://live.tebi.co/documents/receipts/GPj4DrMcGJhIKv-Ag8F3p_MQlqZ0J7NRUJa2Ts-FWVKQYrf7vN2kKP5eFcBvRgisMY8tzBzlXwssS6-3GnXbJMOqyeb0NmlJtDa0K1-3JZoK7_LgjxMV82-VbEbrgPc6lchQ8jwwhzH34AZbzQti7zlWKrYupl9cvyk2VaMpQu6wolzRTIoKvEZZNahuKaxTXuEqfHNoOvTalB-PtVasbY9ccfhj-DtwgRA-TwmB29SW3HExx6hwPEimPP_shC5b58oiaJNI6W4AaRQrT46KH6pF0EwSKgmja38BKC0nBRiA7f6V3HF0UU6C7wcQVMphuwithTJYu45x8BmA0Muaiw==
2026-05-07 | Iuliia Nikitina,EUR,2026-05-07 | Iuliia Nikitina,788865|2026-05-07T11:38:50Z|INVOICE|2845868162|17,788865,"07/05/26, 13:38","07/05/26, 13:40",EUR,15.15,0,0,0,13.899083,1.250917,15.15,0,0,0,0,13.899083,15.15,0,0,2,,,Iuliia Nikitina,https://live.tebi.co/documents/receipts/o16hAYa-ICG-ykRuy6jD8wGOmgqncCq9z_-wFIspTqWRYKhS46_aWit82ktuxKuo020YZCd1yZHnrfsWESLjAL_zg29i6ia3dD_oaXN9b3VSOnI-UBYhb1chPalBKsdI-kuPi9VPX5GfSle2858yMSTye1EpL48GLYCyFWVtgYA4wWgRhnoErW-7PW_WCZttxg1_uMq7FVap4M-BEUeRq9_y597bpXPuFKZAw7GtfXW5f_mLF7stCn1qdJPpT6ChJfY6aB27JQzFC011XhP1CoV7LFjba2MRy2JF2rhN_0QBOd8zonxuWO_dGg5P2bOrWf06Qp5ANsGFHLyWk1eqNQ==
2026-05-07 | Iuliia Nikitina,EUR,2026-05-07 | Iuliia Nikitina,788865|2026-05-07T13:00:48Z|INVOICE|2845868162|2,788865,"07/05/26, 15:00","07/05/26, 15:01",EUR,44.75,0,0,0,0,0,0,36.98347,7.76653,44.75,0,36.98347,44.75,0,0,3,,,Iuliia Nikitina,https://live.tebi.co/documents/receipts/C3X0VLA9Mlid4cLQzQ3b8JjHnLL6vrbEZYW0hDisQ5Q2uzuNuXh_8FOHIfrKgS18AY2yyI1QyS3pDCXlfmL9ZKSVRxHSVMWMiFPQY3Jdwy6mnTijKC5zhxsLhrJTEq7QwRB3irM31w8ANCLhc0zWOrIlfUldephKBzQ7APlNuxeX6Gwaud3SEc1BOGffcYzhZmtUd-WZSMgMuG2LFVD2WW-tan5lGOFFID-h_xXQeyIluof-J8VgxY_UaLixMdZu61CQl1sPLn2lA-rwq-uY2KEbhJWd0aw1BBIMVK3NRJXbLVhvqPdPp9ovHJBrfj_6i_sD4vHOwlQcEOYRY6s-AQ==
2026-05-08 | Iuliia Nikitina,EUR,2026-05-08 | Iuliia Nikitina,788865|2026-05-08T07:24:31Z|INVOICE|2845868162|2,788865,"08/05/26, 9:24","08/05/26, 9:24",EUR,31,0,0,0,0,0,0,25.619835,5.380165,31,0,25.619835,31,0,0,1,,,Iuliia Nikitina,https://live.tebi.co/documents/receipts/f2HfEza7lS3QsvArbHtNGD8h2wNOroiwmlVos8gvdYhn8h4eFLolZMUsQ-g_ur0VPSkM6HnedmulmdRcUzKYzmEMaWYKxBetBbcQAQXo2iyMhG-YxlCfrV7aTkNbsC3-e2ts1IJbAfOlzbukNQGjsf-cM1BA47g0c9chG6LYxXT7hUm_TQO03nlWKuuIUOpwQBpjGDkpWrLDPSpX17j8ijh5jSPIVcm7MOeOYZVW0ua0ewDh_wb0r0Q0fJ8Ksp9k0hBu7GSxhcJZqQv-h7xXWOJxiaFQpZ3SLFVi63WJc5MmXzlAJlGqFdTM8XQSApWT9S7re1Zo74dOGrNTprTuzA==
2026-05-08 | Iuliia Nikitina,EUR,2026-05-08 | Iuliia Nikitina,788865|2026-05-08T07:24:54Z|INVOICE|2845868162|16,788865,"08/05/26, 9:24","08/05/26, 9:57",EUR,100.2,0,0,0,91.926606,8.273394,100.2,0,0,0,0,91.926606,100.2,0,0,6,,,Iuliia Nikitina,https://live.tebi.co/documents/receipts/fywvH4Nd7lI5WBFzTrPqA_EGUvj_3Al4VnLCrTHEAb_WQCXC3QqbCyzFNslBdwtSFDbAlKoJk4C87P8GlGvIIubspSlLk_rGNcKI8WgN9LDKcMPr9Ge1XbDA9WTrF7I3njvAvT_Nuu0s5B7M0SQLC1AM-EAWpOmsgA-35QuSW0AT_2uevPg0mFpkKsZUStT79y4qxNG9ry6zsJL5-akNu_yqCyhovuGbVG8tKZDc5iBxDLDsuABzd1iHDJt1I9kZPy6BYvne2txMtyvD3GvHw1T6vTwg7zGIoyK0QqZaywGG3wAiJUcelUCVtYmpQs4sdbNaq475IUEL7e3YCrf95A==
2026-05-08 | Iuliia Nikitina,EUR,2026-05-08 | Iuliia Nikitina,788865|2026-05-08T11:54:13Z|INVOICE|2845868162|3,788865,"08/05/26, 13:54","08/05/26, 13:54",EUR,46,0,0,0,0,0,0,38.016529,7.983471,46,0,38.016529,46,0,0,2,,,Iuliia Nikitina,https://live.tebi.co/documents/receipts/Kh0dAbr2dqywfFfWMsdOFe17hux_40aCvjtaMwAPbIeIKfmFQIqQrJRylPszs4MqnhsROxy0ZgAAT3TP9RFp4dPW5FWuQgksr92SAHpY-VCi9Fmw0ICOVaBxGy4EycIOxdjGQXxuuNoGkcD-A6s9QT6BWCrRZdQ_9EW0BlsGdkf7e_rvLCV2tTa0e-3PlH04q-Zl2pQcaRNgPniL2CZ_IwQsx5OteWn5hWTvKopwJfR7a_r3JBYdoaKgAY3aQ_ipx84zKX0EwSJ0390LUUB0Gcl8FEq__L-LaFj6iWXRqv-vrAQCsgSzOzzb1sx3R4GATAvlHu2-45FOUvA6rpclMw==
2026-05-08 | Iuliia Nikitina,EUR,2026-05-08 | Iuliia Nikitina,788865|2026-05-08T11:54:56Z|INVOICE|2845868162|18,788865,"08/05/26, 13:54","08/05/26, 13:55",EUR,7.5,0,0,0,0,0,0,6.198347,1.301653,7.5,0,6.198347,7.5,0,0,1,,,Iuliia Nikitina,https://live.tebi.co/documents/receipts/jF0R0SA_WR6HOkpI5B1WLPNf_KcEEMx2c6efQUtcS1y2Tl2sAb39gxevb5IViUV_WCSTxexeqX-9qh6LwsFl2fNvFnQcufelRWDkbptVVxThc-mw4tt5zf-M-bqKOl5b1movGqheF--Hb5OfhCLOOTDsoNDq6ghuPtD5SYCXUVkOwIFc59gnRzg49PZes_ZaAlHW_S12iHH67M9f5H2bzJnfVhzo95aewBiKjjfZ6k5ztEQvQJDifUkkd4GMe96C-ULMedlH-bVjd7424SJR2z7fYCWpoCsCFkNnsMoxQ6B5Fe7lIZweKJzdKoWBR_skozlAcLacAla4XfLzJnX0-w==
2026-05-08 | Iuliia Nikitina,EUR,2026-05-08 | Iuliia Nikitina,788865|2026-05-08T11:55:18Z|INVOICE|2845868162|32,788865,"08/05/26, 13:55","08/05/26, 13:55",EUR,17,0,0,0,0,0,0,14.049587,2.950413,17,0,14.049587,17,0,0,1,,,Iuliia Nikitina,https://live.tebi.co/documents/receipts/KecKCRb5PuBV5BX9NapXbX4EXldokzp7SH8Ncg0nFunDHhQZhi8yRDFNcL8mK4HJnkNaiXxhc-CkXx_bUUEvMkfXqG7Ki3Ly7CeFw1xnsRthDxigGm45ZZF0P-JHOh4h9KyclU2zBHKWLRWG1o7_Mo6xkExiKilafBwZPqHAdUoev4ZfgUMORzbcklPCDkL5ZgTvoE7B4h6W1WhklQENNVaau-58gIz2IuSRV70ReB968bMOJrQGjPxoehHemaYHo4P_pnOtNSg1SV3SsGoQwC_8BI57ItbNtPX1T6vidE_C4K59PY1nc8YdNEKZ9mvILOeFgO5trp_6BXdd5rjZkA==
2026-05-08 | Iuliia Nikitina,EUR,2026-05-08 | Iuliia Nikitina,788865|2026-05-08T13:08:03Z|INVOICE|2845868162|2,788865,"08/05/26, 15:08","08/05/26, 15:08",EUR,9.9,0,0,0,9.082569,0.817431,9.9,0,0,0,0,9.082569,9.9,0,0,1,,,Iuliia Nikitina,https://live.tebi.co/documents/receipts/MM9UgIODInR8Az7JGF2GhCADZCqpvx3ibiTBQUDrr-_MY2Nkx9-QrJ1fPpmVIksZbA8iVNEdPnrow1bxXKZt5RA2QyGxzQrn15-M1WQIVh8Kx9-Hw7y1ezZRvDMz4vBoXtUuW-qZJHUeZNpcicUobmNJCDY10i5ur1ql2W_VAfUK_vNEDu31NMGRjo_1VQoOMFBmc1rdCNsmCgMdRdTANa2kEEUXptgRKrW-Y-gCFopUm_HN8NniQKGQamO0b8mxBfdbDIqwOUANzHi9WcsP40IQXfO2gNRXX91A5-jO93PzZICYBO3S0A68v2Hc8nZeFJ1t85fEqC0s6OxcX8dKpQ==
2026-05-08 | Iuliia Nikitina,EUR,2026-05-08 | Iuliia Nikitina,788865|2026-05-08T13:15:05Z|INVOICE|2845868162|2,788865,"08/05/26, 15:15","08/05/26, 15:15",EUR,25,0,0,0,22.93578,2.06422,25,0,0,0,0,22.93578,25,0,0,1,,,Iuliia Nikitina,https://live.tebi.co/documents/receipts/F9-mHt29SaNoGyM5M9wXB_ww5a7mIhm-7fQ3vMT-XlGIxzvCtGzTFXkM9GKhLEIHPaJdVbNnqCFh0ojr4uSihsrV6u93WlFio_MYr71gsGcoFarH2JudXqQlIYFhTRJ11chK6Z7w0PxSyCBeb7PoSQvAmgL9rFICsSU15zKwhl4Eb8i3rTVAEK1Et5-0qarFi-URCg23Dqkq48I_8_o9X7zL_QvqnykQ0be0wyTnaGuGYFoHGvX1QIIsaQOAvfqQzZ_Vgo2nf9rBjgVwShUvsMZisnBPOv0iAjx_GkiNboxv92cqiBXx8Rli82H1SMhKe3HJpuyqjicfCZut6t4oMQ==
2026-05-08 | Iuliia Nikitina,EUR,2026-05-08 | Iuliia Nikitina,788865|2026-05-08T13:34:12Z|INVOICE|2845868162|2,788865,"08/05/26, 15:34","08/05/26, 15:34",EUR,15,0,0,0,13.761468,1.238532,15,0,0,0,0,13.761468,15,0,0,1,,,Iuliia Nikitina,https://live.tebi.co/documents/receipts/KW1SWDZjX-42g2qj4dQ6mzEQ_bMc_8LiKeGKEpDUbVL6WuSZTyATKjyw5xuL4N-IA9gneKyMW89NZV3X0RPl_h5bUDj3ugsme-4mk6kEU5wP3kevXmdappOV6fYthyFb704sdwNqEXU4YVx_sUgO-WyfwNa1ofKqTTz4h0vqHZMKYXirjhsY_ZsCAqk0M13w65D0-U3JChDGAMhTtDyaTTA64sgz-GkA_-yauEYMzQnxL2JbZmH11JXA84VCqNugbN2iPmIRC1vsUBFyDePqU4PSLLmoD7hrY2Q76tAKPmOtnIa8OKAo3fGcHqeS11RQcpSAHhws5h3o0wJPVi7gwg==
2026-05-09 | Iuliia Nikitina,EUR,2026-05-09 | Iuliia Nikitina,788865|2026-05-09T08:44:19Z|INVOICE|2845868162|2,788865,"09/05/26, 10:44","09/05/26, 10:44",EUR,6.3,0,0,0,5.779817,0.520183,6.3,0,0,0,0,5.779817,6.3,0,0,1,,,Iuliia Nikitina,https://live.tebi.co/documents/receipts/YLGPQArinTHPO6FLPI37vzvgbdR0WDS8A5vOFZcBL2vItoQemshGtp3rH4AqngqffdGrYU1fw7HLPb4_l2vGlgu-MoGvYuIGQWtox7XxCGSEpaIqRr95SGq4X6B11fcNBlk0-xGyyYidXpKSCgV_Ic4M86zMqrGf0dJyZ3VO0ij_frnuiQ9atq7Et6X_2Pf2IThNOjQ9rbeaMAiY7XV3AcXyef3-ekPnolkhw6w7Z1oIxLgnFQc_yinxn0stWGeFCpEBd9KJB7-Tg2rLMaO8Df9VGpWG5DyepcaaxguIluJnVOZfLL6ad6Yyr60b8ZlNeDHKx_SeJvbKuIq8fkFH0w==
2026-05-09 | Iuliia Nikitina,EUR,2026-05-09 | Iuliia Nikitina,788865|2026-05-09T09:30:11Z|INVOICE|2845868162|25,788865,"09/05/26, 11:30","09/05/26, 11:30",EUR,23,0,0,0,0,0,0,19.008264,3.991736,23,0,19.008264,23,0,0,1,,,Iuliia Nikitina,https://live.tebi.co/documents/receipts/Lt_H3oMBstnMfacbKtEFyn24pMHVzVrsYCVtz42t15mbgVPKsORKBGVet4KuFf9FXYiiY885HI5VFN99gei_qNeiSYB3QdhF-hMQcvyFK55MFx_1-g2P_ctuCcJMwYwTizEX4rc59FtNWeSsa-FfVLj5hA8CA5cNvWvu4LBtLM5-HRu8s3-CHx6oJXcEzgSyqTg4wKQsQoZ5L_bnI_7w9WN8lGhu3SB1yS3zErpUEzdrD2sH8erqA40QuaRqWkCIavYb9SK_XszcpMXJo2DQ6RDXe7xXvhRks7d43IUelCn9zcRu4Gj3ppgFkugImg9_TQlfnY8GLnyLcsfJdl_Wwg==
2026-05-09 | Iuliia Nikitina,EUR,2026-05-09 | Iuliia Nikitina,788865|2026-05-09T09:30:36Z|INVOICE|2845868162|39,788865,"09/05/26, 11:30","09/05/26, 11:35",EUR,11,0,0,0,10.091743,0.908257,11,0,0,0,0,10.091743,11,0,0,1,,,Iuliia Nikitina,https://live.tebi.co/documents/receipts/WgDYCdyPqg6GB2XIKElDl6FnhpqEoUiClU9v6wE7AfLnMZYOPrLom5A1pNHsI8TsLWLaLqEq5Ibs5XvSVi4RAmrv15Xtkshqm8utAk5tBccrxb4muoRJ9f-Iis7_U8CO9Ko3pMaH2FdMHnC5_ld9iD7d5M7xoH-sQrhZeJh143rFgcan4lZTDXmR1X0yBdGvpKe__zBff8zTiRIFpFWJvZqzrNF8mRhHif6YPkmgVZBOzYr0dqO2nu5Z5JzJtUe-yBS7YIx139z3YW-Ah8GjHmuBh3DTSdvhhWe57KjK0j3ke0Hb5ULCU2QR3kEooRm8Q1MCUKK1RYAU1Y0oIidEUQ==
2026-05-09 | Iuliia Nikitina,EUR,2026-05-09 | Iuliia Nikitina,788865|2026-05-09T09:35:15Z|INVOICE|2845868162|54,788865,"09/05/26, 11:35","09/05/26, 11:38",EUR,5,0,0,0,4.587156,0.412844,5,0,0,0,0,4.587156,5,0,0,1,,,Iuliia Nikitina,https://live.tebi.co/documents/receipts/SuR2twLVWDftQbBTiop2EwrGrTcWzJz5xuUFivtncuxhpEmcppZHauIUGl1x6KOA17M_qzo1NuOK4dIDEAk-Q4FuwNp-Vgu5bnwUPLgzMByal07lm-HJmWBlm4aZo8WpD5PgQUSwxc_PlQyaDjOWaIttg8XIEB4kg8ak58DWuO5vJznmtWN1t2uCti8ofXqqtEMoJWwO2LxrrfRaBLYU04KVekXBqEXrTnuy_Ik29_QtzTPMe5rvUrK3YeTJfeLSnZCFTu-0TXj51bsz1pw8XpkMXKCElLU98go7vTDIbFT6iQtgLgUoiawQUgeOw1hSiF80qkZdlWAwUEIN4FfEeA==
2026-05-09 | Iuliia Nikitina,EUR,2026-05-09 | Iuliia Nikitina,788865|2026-05-09T09:38:38Z|INVOICE|2845868162|74,788865,"09/05/26, 11:38","09/05/26, 12:12",EUR,42,0,0,0,38.53211,3.46789,42,0,0,0,0,38.53211,42,0,0,1,,,Iuliia Nikitina,https://live.tebi.co/documents/receipts/Jwf9AJYBdJHL6GtdbOnDn1HXIMKGCWb_yinCccUNYyj0k0Y7TE6jt4TAUberqasw6clv99LkfpFdih7ivvJ6K6O6QF3bAThoIQf6u04muLyC_CO1JdHr9-8PPMC-vaelVKCS5c1v-G2ezoheBnfjX2URyiTvFL_j_TahlzCq8dS3HRhdyOR6QiwZgKfpKYbeWahUlx_NfZyKrBL-xfNxSRWW75lVwNYgS_e-B-6hwXStaklJ31CVgL83GTMKDgg9nB5IIXjf8sqjVZAScCi_NjAWLzBD1uqxMkXEILRHcmIWHd7qKlD1UZ4BRkFC-6yUeabirTL-4aSzfupXs0FyPQ==
2026-05-09 | Iuliia Nikitina,EUR,2026-05-09 | Iuliia Nikitina,788865|2026-05-09T10:12:58Z|INVOICE|2845868162|88,788865,"09/05/26, 12:12","09/05/26, 13:09",EUR,15,0,0,0,0,0,0,12.396694,2.603306,15,0,12.396694,15,0,0,2,,,Iuliia Nikitina,https://live.tebi.co/documents/receipts/FdRvmnJS21tQNLV24PHXfR7MMO8pBLeV8nOkHSGQH6xPrngPe3v0R-_ZmLYueMdJa3OZtjc_15xmBg8B5UBP4kzmP_pOsc_-JfAim56LEbvGDkH16FXE2seSZvNQ5lokpQRVsjwECvjawMTOMLxhO6wjod3VGv0MG2rF-gTguCDVD94AhwNlB1vRfGOo0D7fTRyZjKZ6dAP1MBgAbke-H0r3LIHJd3sW7-TQX0tDWpQvnmaIGVY3Z6X0xh9r6NiBWHaVjCxoTZ-tItKDdZbalSl1Xyqdqnm28-iAfoM_t-jVCDGxNQ9zFU7l5uDywX4SdntSACwkyuGoXroVujmysQ==
2026-05-09 | Iuliia Nikitina,EUR,2026-05-09 | Iuliia Nikitina,788865|2026-05-09T11:09:44Z|INVOICE|2845868162|103,788865,"09/05/26, 13:09","09/05/26, 14:21",EUR,98,0,0,0,89.908256,8.091744,98,0,0,0,0,89.908256,98,0,0,6,,,Iuliia Nikitina,https://live.tebi.co/documents/receipts/BMqJZ25cxlgzo8lhzf1tvUYsMVIbqpWjpOpybkaRhFN1Me6ChLqdoMwhtLdG8Nb5vaK1O-7JlR4KpONKMGCQUev6xRKbAt5OF2tsYwB8V_Cqrhl3CHAoR00NDXbpo2tWMbZjwqUxr4R-6R7SRrsdAuBjhTgw7UN1TWWcHYv3Mqei9LUKWUYD3-_9-BrdBHLcSZJYj7RAFZNUiDkDB8Ze6ATEuwsbo8NZ7h8GvAKDg2JbM1awyTpIWnqBwfm2duI3wS6fs11pX0fSF5vaPd_VpfaPjSKYusI2MoTalp7304Dso22zswjsxT67vhnbd9b07wdozJqZVQ2lXbVp40DfTA==
2026-05-09 | Iuliia Nikitina,EUR,2026-05-09 | Iuliia Nikitina,788865|2026-05-09T12:21:45Z|INVOICE|2845868162|127,788865,"09/05/26, 14:21","09/05/26, 14:44",EUR,31,0,0,0,0,0,0,25.619835,5.380165,31,0,25.619835,31,0,0,1,,,Iuliia Nikitina,https://live.tebi.co/documents/receipts/fabj3uiuYVHaj-YYFxmATUDgH3r1xs6Wkc9uTX5ZXTcMlqQnipetzYiMpNd6NHN-vHzr_nTwgq9ZlbekBgYtvgO4a7EXrl_Xj2g5uFHKAbHhbecMVO819XTjJJVzWm9oRs0kEqQWHtGnYInTSxvk8I37mv0zkVIhy4e3vY1GnUlPWuIoJAQbGVSjsMspK8vwpnXRKE-2DhIkcgUMIXI0OmN5rwG34qRq15jS4g0Vo-dJ7d67aX7gqV3eSTRMjttokyEHnxknsrQ2CzDaz_iX-p5-PVgf-9WAoKo7Iz0eHX6-mwa8oz3H7hUBvYaWf0ZdoRTL5Jomsd1dwGe9jLNLcw==
2026-05-09 | Iuliia Nikitina,EUR,2026-05-09 | Iuliia Nikitina,788865|2026-05-09T12:44:34Z|INVOICE|2845868162|142,788865,"09/05/26, 14:44","09/05/26, 14:59",EUR,6.3,0,0,0,5.779817,0.520183,6.3,0,0,0,0,5.779817,6.3,0,0,1,,,Iuliia Nikitina,https://live.tebi.co/documents/receipts/nl9ZdBHlsjOkv6PMLdbBSYtqOIgws6RHA335-KCUsNU5fVNaUmVGTGxQ-GfCLOraBCrBW5xhUxGCGOjXyHdQHgSDPs5tomBDRTdBkiy79nxMVdPp1l-gIq0uoDgEWCjEVvF3GvejCPuMeBFI0DBTo8p8SR-qpH-ey55Erqf82Q91Vco6E1oQwRgpViX0DSXmjC2n3zr7O8WVU898BLpbHYfx9pt1nqGA0qmc_6XUxdPKiqQnICpVUaGUjDCFnNSIo1-TVaoN10-aqAM_Zu36LOMopC8AM7ihdwHZb5sHwsBYPgyA9afIm8RdLgxXrsk5RYAy1Sx_OhyMbx2a0ImbUg==
2026-05-09 | Iuliia Nikitina,EUR,2026-05-09 | Iuliia Nikitina,788865|2026-05-09T12:59:14Z|INVOICE|2845868162|162,788865,"09/05/26, 14:59","09/05/26, 15:09",EUR,23,0,0,0,0,0,0,19.008264,3.991736,23,0,19.008264,23,0,0,1,,,Iuliia Nikitina,https://live.tebi.co/documents/receipts/VtwXvGFQFRZeHPLdwOA4siROmsadx7TSWjlovYi90F1ZJVdwXuob3f33oswFJ5pUchEXQMNxCIjZnbMJ5Gb4d3_ds3yD6gYgOX2v3btgn-ujPmw79R0oueVaTXaEUYyut6s48D-PdP6eqeI1vm2BEItldgY_A1RVq2TMjRv3I961kToWkhPLeak0-p8zvYkUvGC3m8-ciy7wjyyUhgXxsrIy08_UhGcPASFQRghRFZbILNGXUS0WNLk2JpmdNPyOAa44mQlqjax7vz3xdsFlLWrWhPKbhnhDwLoKRo1MrUJjMY9BklqNLogSlKHgZJC81KNA8-p7N4OAVw2opxF25A==
2026-05-09 | Iuliia Nikitina,EUR,2026-05-09 | Iuliia Nikitina,788865|2026-05-09T13:09:06Z|INVOICE|2845868162|177,788865,"09/05/26, 15:09","09/05/26, 15:27",EUR,28,0,0,0,25.688073,2.311927,28,0,0,0,0,25.688073,28,0,0,1,,,Iuliia Nikitina,https://live.tebi.co/documents/receipts/ZuuLXrpMG13zUQkL1GNnOtGyAEpL8LApkfRbo53bgK4Xuxx7nySNKWqIVTT3Pg8NkrpeHA5mxFBr6ka2IJBVbocUDn0p0rfkyBjFC93CD9mUDuPWZQlNSnDGm7E4PC-oVM2ehwZD5IZ5OGb7747IbRBnJV26k_B4HiuKGlNgRzNULR-eLnqpKJlFGXRHf5xCuQSGVL7BGq6sP0HYu9lisyEAQ3mLK3xerUOCrsP6Y3-y5mBGiPqZG8wr7J_Q8UR6NtP1JbRkMt4JXOR9XCOGF1MpX8YMILGqQqUfC8IchOKa3ZFbvZlfl1_TWZijotNROByW05gdDZ4sHl50FYnySA==
2026-05-09 | Iuliia Nikitina,EUR,2026-05-09 | Iuliia Nikitina,788865|2026-05-09T13:27:10Z|INVOICE|2845868162|192,788865,"09/05/26, 15:27","09/05/26, 15:38",EUR,84,0,0,0,77.06422,6.93578,84,0,0,0,0,77.06422,84,0,0,2,,,Iuliia Nikitina,https://live.tebi.co/documents/receipts/W-UfXJcoqc5gaTX8V12x9jWI7Ha2JPGlW-vfUzK8JhaRvkphnyVtR_cgEhSTsQSn2L8ZT0hJrP0wKfAkTLR1FYjmqz82WfWfuTn9PFxL9j4LDlYLFXu_Q179kILxd3FL8lsOMjK7TxH1QFvMBDugtHb6TvlWxRXbpPsZO1eAOQnCpY3Aj_dD-seNVkNyFB_Hb6WFfI35-kSWZOJyiYwqkU6vThhEoQ4ACk7dDZw6MHNrNtfryQIt6BRN2mY4u88_78zG1-OiJ8T9i7bw8A-RSnTJLX11uYSIg8GC4VzqSb65QDPYubXcCQs1kwIujNEY9gKcbaWPHIUEWkcvgGw4vw==
2026-05-09 | Iuliia Nikitina,EUR,2026-05-09 | Iuliia Nikitina,788865|2026-05-09T13:38:23Z|INVOICE|2845868162|207,788865,"09/05/26, 15:38","09/05/26, 15:50",EUR,13.5,0,0,0,0,0,0,11.157024,2.342976,13.5,0,11.157024,13.5,0,0,2,,,Iuliia Nikitina,https://live.tebi.co/documents/receipts/mwISiQwTRW6GxyCrwrKE8Nz_bnSsB-MSxywJW2ehAM5L18u3VepiSubV2KdEPkBncG3Il860_t1tCDxMuEqDDbAEPNkkeWMAJuLcXPttWfO7xku-OzAeYvyjaqYl6gNeIa71M7kdN3VmhEKYfInMxvi1XzA7I93l5qa_2sC-HLhDUQ0HBjPFW7oUU-mf_zGpQP0JPysNpIH75dvIjhAQUaXD7Awe6SjOXE6h37EHNQXKf59jEgVuing-rW59EoISEq8Z72q6MXQyI8YaQwDyW9tjrGstiZ7hd2k08R5UsLnWtRtMxqXXNpL2xpd5qF8wVc4Q6pUdgwRCdrmMDCPBjA==
2026-05-09 | Iuliia Nikitina,EUR,2026-05-09 | Iuliia Nikitina,788865|2026-05-09T13:50:01Z|INVOICE|2845868162|222,788865,"09/05/26, 15:50","09/05/26, 16:04",EUR,31,0,0,0,0,0,0,25.619835,5.380165,31,0,25.619835,31,0,0,1,,,Iuliia Nikitina,https://live.tebi.co/documents/receipts/WYG8881rp2sdZGk9Pko2y5FQTKZujlJfAEyga_NLWx5l1SUI3IecXGsUro4kQuV6QRn98x05hDuQav0GU6uMd8sMKwKPLH_1guaKKB28MV7lbYw7uB5mshYjJ5VQQwb_1jXveHgj4He6T0K6D-QJ-gt5726pzjycpINSX9ercmgyMx018JhYQXiqRCyg-_cTCGp6B5SMGzARjDzI1XBkIff5j9H9o00MwOU-OD-_LFC_K3mkb724_lreA_4pFaK3s3tJa14zEoOZaKiKIhnLthYvDliz7PuxUr2audFPY7IUXWXOkXNtMJlaJf3sDITahECri4ggYOAGLhY_V1IsoA==
2026-05-09 | Iuliia Nikitina,EUR,2026-05-09 | Iuliia Nikitina,788865|2026-05-09T14:41:39Z|INVOICE|2845868162|2,788865,"09/05/26, 16:41","09/05/26, 16:42",EUR,17.95,0,0,0,0,0,0,14.834711,3.115289,17.95,0,14.834711,17.95,0,0,1,,,Iuliia Nikitina,https://live.tebi.co/documents/receipts/cD-vLSmFp-_hv-OCNxOiYGV2O_JvgQAYx-odO8RpPKSiArgO8xDC0KhGVUg46EcvPyPWwD5oOxmtLnn8p1-F2fi7Dr60UgNXPFFc8eOuAGOKAIy0MUds55RMxh5sWkIc8JOjrGyNBNzUEWfcZpMDdq_e4XLhENVMpb-DJWCACs6XtNUmIHsTSBhN-tzxpsJlSA79dgLDn8m2jS-3jICD_l2DCJbrk76E1lSSWBfKtpQS5m9oTpgvT-eifEK6zBqMrP90KpUsftldYom3GiJkNZXu09LPda8v4ub86_BwZQK7PGUvy_RfxvvkuinKl0Fd4VxmGZMYXADCZIxIpwZJHQ==
2026-05-09 | Iuliia Nikitina,EUR,2026-05-09 | Iuliia Nikitina,788865|2026-05-09T16:09:50Z|INVOICE|2845868162|2,788865,"09/05/26, 18:09","09/05/26, 18:10",EUR,6.75,0,0,0,0,0,0,5.578512,1.171488,6.75,0,5.578512,6.75,0,0,1,,,Iuliia Nikitina,https://live.tebi.co/documents/receipts/QVKCvjoK5YDUzXgH2m2iRwGwkqt_18f7CjgZ9zjm7KyJHcCooCnaBFe3Nl3CMh01-3EK5lJSttWQvlytDW5thi675cx7bHg_7yJzrrWA4EiQl5jBJefuP9aPJlhY41w4MwS47swle-5d8olOi3KL0Rgi0zy3Lggq7M_S5eVIdxgynljGy8A3iHg6zaKuwYRk3SfkH_KhxCC-FyZ0gBoiVOh1NxqDeeTaoeFguXPH4WsUTXgY4Fm61b-Rw_Dkp_dh_q7kkDcp5ktiAVlcAXxZgZo8Kzi81-VdLyONnOheuRMXAkqbreNZ_8SpMXxn8z3IK9vq1WgTbB4BjSX0RE6OKg==
2026-05-10 | Iuliia Nikitina,EUR,2026-05-10 | Iuliia Nikitina,788865|2026-05-09T16:10:01Z|INVOICE|2845868162|16,788865,"09/05/26, 18:10","10/05/26, 10:20",EUR,31,0,0,0,0,0,0,25.619835,5.380165,31,0,25.619835,31,0,0,1,,,Iuliia Nikitina,https://live.tebi.co/documents/receipts/azdkWmuX91hzzTPfsmJ04YaKrCucKFA13gqwx8VNS7zN3pWJjWtYFbcxctwwb5O90s7e4iX3cV7HSQWcDGXUluS9WPpiqjDhmyyS41BfLP-U26Nr6vBM5BeJu7k0JfE5J22TjpUBaFXNFucyQoJ3L-AyixplE36g6XlzsHV05fSaCTKsJrU2mSGY76_W3zYgcrZe2hRSwAjoSSH91u1nGcmOBRa5WbHiUcTuVQAsnSWmC39N5fzXs207lbSTYOwEJJ15cQj4eMQhAz7H57ExLHrqgOb3pjgx0I6W5HGWm_H2tujThLgKedDBEIuWEXFrMYgcqDRFLlqR0Xqe3xxJFw==
2026-05-10 | Iuliia Nikitina,EUR,2026-05-10 | Iuliia Nikitina,788865|2026-05-10T08:20:16Z|INVOICE|2845868162|32,788865,"10/05/26, 10:20","10/05/26, 11:30",EUR,15,0,0,0,0,0,0,12.396694,2.603306,15,0,12.396694,15,0,0,2,,,Iuliia Nikitina,https://live.tebi.co/documents/receipts/jKSsx3-iIHt5OGzrHRsnW_Tyldc7nfzU_tuzYxbCs3sYw28yEt2NqpCGt2A-RyL010_rseyY9EF1h90chvvpbOAmXq0uy0t7ipxKzvb-U3y8GB6gUjfMBzYOm89QMrGyLz0zMBMIS7UNMYLFy_t3DssTv-u2lVns4ZHWZpDqpmX1NRLRMVZnxjqlK2kldWnQW7OI1bilRRJXfCvsLxOD6pUEiRA828rgEgntzTkGfxvDYC7bYGY_nIVsf_OibbKrWapF5jmKFPV3aUF_24sU774fL4TfO-v6FJ_lyu8Eb6RYSZedQDb6S6wP3ZilxETwDSwxZsSky0kbxCLJfTI0lA==
2026-05-10 | Iuliia Nikitina,EUR,2026-05-10 | Iuliia Nikitina,788865|2026-05-10T09:29:58Z|INVOICE|2845868162|47,788865,"10/05/26, 11:29","10/05/26, 11:43",EUR,21,0,0,0,19.266055,1.733945,21,0,0,0,0,19.266055,21,0,0,2,,,Iuliia Nikitina,https://live.tebi.co/documents/receipts/WrYM9Hr_qoaOrJeCWL8ebAe2dKynJUOEwJJGLtWtQ9nj0Ykr2pVioTMnwABQX52k2ljvv0zQNLFrgwAMRZ8tZql2hmWSbLXrFVTnksuTzxqVnM39iBBFn9m14jtB_G3-GBKIOFshy1yF-sdHxt1Zj2Br86o8rTsyXnM19R2w6Z3h-WQG-YK6eOUhRWw8C8yjMKvzTBVGYlEjx0GfJV8xQ8xwcMLwpRAIRgsDw4uAaDMiv2ewzG7YzknuYvLxcZau6oAW949fQtQGVw8V1RVVdIOF5nSbPy710W8MtxVQRzICxysU3idA0rFxrPjAV7ba0BUhvmbgk3FCeIIPwm0Vww==
2026-05-10 | Iuliia Nikitina,EUR,2026-05-10 | Iuliia Nikitina,788865|2026-05-10T09:43:58Z|INVOICE|2845868162|63,788865,"10/05/26, 11:43","10/05/26, 12:15",EUR,18.6,0,0,0,4.266055,0.383945,4.65,11.528926,2.421074,13.95,0,15.794981,18.6,0,0,2,,,Iuliia Nikitina,https://live.tebi.co/documents/receipts/AnCvDz_G1FE8Q1k9Z6WqwCknypctuw0eVaKXWVEL7c17oICjnbzVZ8FfabvXUu4NhEswfPbmUdCfgR9ODlrogtm7JMPqtgrB6MAZeQ3Smfh8ta85Rj_x1__BfNX-DeuUAEnznDMJwCXjqARb3Jwt8RgLXkNeZpKgl_i_2lrvBGZ0Z0gCLTbaA7r_pfEf65-KT_yf4p7K_9NI2UR9oItm0YZwqFC7JwMmkpsiAXs_ZdUkQg3z7_kH--SQuL0yAnq-sjQFy0gopYhJRFcxfs3NSJkhI2Y-Xy2cZGofOSQB2s_PUEPrOU6ECSdvVtNqEcOIDwl4A20pFx8sUEJ_miyCqA==
2026-05-10 | Iuliia Nikitina,EUR,2026-05-10 | Iuliia Nikitina,788865|2026-05-10T10:15:48Z|INVOICE|2845868162|85,788865,"10/05/26, 12:15","10/05/26, 12:21",EUR,4.65,0,0,0,4.266055,0.383945,4.65,0,0,0,0,4.266055,4.65,0,0,1,,,Iuliia Nikitina,https://live.tebi.co/documents/receipts/hJFj_bjCUAgUfY2dWz5XW1zUkI63-6Ju-u55-uWXjM1DKQmEQbm2C14XQAsw8XDR6iQJ-Y3sekU0HzTOmKryohhtZkwJt0R4XalX5e6wgCBbdWQjEliRRgFqYwWMvei0-8eFt-262puXQ_8G2p76yt-8bs-o1UX9oR83-uztopeg7Gteq22DCM14thkMmqQ8apiMT5hihKhJZqJoAx1dTRyfbIz0l0Xu_0duafZa49KE8MEfooVWp12iOnPtFFEz8JymrCNFnbOjV5C4lQMaGQoDeR7cCfwq54oKx_qOdhXbSY27RLCOjk_3WeFF8Ujwb1p3XFFdurroJojGxKKsdQ==
2026-05-10 | Iuliia Nikitina,EUR,2026-05-10 | Iuliia Nikitina,788865|2026-05-10T10:21:43Z|INVOICE|2845868162|105,788865,"10/05/26, 12:21","10/05/26, 12:51",EUR,27,0,0,0,0,0,0,22.31405,4.68595,27,0,22.31405,27,0,0,1,,,Iuliia Nikitina,https://live.tebi.co/documents/receipts/PkfYrWEI88bhfGQylr3dfvuZXxDg4GJ_HXfIDCstui4eiE8tKPg-ncov6DUhrwlIGXYKP0JtNhzbhJDKNJKHq_a7KMzGa_8q5qiEJgZtMuIXE7o1y6pxSa5bl3hQL2XDkPFmjxWZodNt0TfBRx1gmX0civlVAcU9PM6fdF99seRUEcRQXAvDrbHy8C9-TjrNLgtzLD6RsyIlBGw-3eQ1A7iinb4ei0UXM2-ojiEjwu6knCv1VopAXTzgjJKzIYRc_h_-LyrcQ2M2pcVLa4obfShS5CxhUHd6xTu3-I5G8WnRDYanKjXBr1WIat8esEuCk6Gu2olkwZ8dY-Ib8XoyRg==
2026-05-10 | Iuliia Nikitina,EUR,2026-05-10 | Iuliia Nikitina,788865|2026-05-10T10:51:07Z|INVOICE|2845868162|120,788865,"10/05/26, 12:51","10/05/26, 13:18",EUR,42,0,0,0,38.53211,3.46789,42,0,0,0,0,38.53211,42,0,0,1,,,Iuliia Nikitina,https://live.tebi.co/documents/receipts/QKRi8EnnKe_RVApB34QGnFDsfluxIXwK6ceCm9sKFRfRCu3hxcexy9-WmoVqslRZU6G0qXwR8Pd4uLoITnQS750auvbJ2KE3vlsZK4-DN4eucZSQWZXjWtSahEfL045KRLtjzGyNZX_iHovhbBqhASIAgBUEdXDDGn2UU9uVDzRwrsRQzLJ8OVcPiOG7Up99dDNnFwToYRvtMO0GI9S0tIJv5EB8ysJodlJdHoBMUxnoLlNbhiibYDRBspgwsP_eTnBhF29QdWvAFaGSjFmcfKuxVwzuuukKX-yvi0zSNbq5j9-cMCUvRl0uDYP0A51vvNZjSjiHUTm9aa0grg4aBw==
2026-05-10 | Iuliia Nikitina,EUR,2026-05-10 | Iuliia Nikitina,788865|2026-05-10T11:18:22Z|INVOICE|2845868162|134,788865,"10/05/26, 13:18","10/05/26, 13:42",EUR,3.9,0,0,0,3.577982,0.322018,3.9,0,0,0,0,3.577982,3.9,0,0,1,,,Iuliia Nikitina,https://live.tebi.co/documents/receipts/e9sEwFapxUJqodGAjrXSpSQhFC_K74Ix2Pjz-aag1gX-i_J7ncMVlgQHQ9kbJp7cpxuiTJzh-pXw4F0i3896vFfoZKheNIGl6RMlHKjWwkyGI20VRx8GUQqrn8WsmbsbSZiGuFNCVzh-I_QCZk2vxSfgvLQHc4YVSkOn3sp9AljQTDycB74qMyOkRwLaSSqo_LcFrBlCJidx4ZvEXyLu1Hh3XSNX_DdHn8Zr9AKsbqaAty2rKpcjovBnnt8Z_0yOWSlpUbT0mO4IgvfW2WM_vaxQl4Ly12zdfc71hcEC5AsjiWK53kd5SquSTV0nEvRsjf8_u2c2zQYkNfWQj5VpwQ==
2026-05-10 | Iuliia Nikitina,EUR,2026-05-10 | Iuliia Nikitina,788865|2026-05-10T11:42:24Z|INVOICE|2845868162|160,788865,"10/05/26, 13:42","10/05/26, 14:09",EUR,9,0,0,0,8.256881,0.743119,9,0,0,0,0,8.256881,9,0,0,1,,,Iuliia Nikitina,https://live.tebi.co/documents/receipts/RyA0Ao7gLnwXpd727g_p7AW7k6pDzdmYjkWepCg4hol8eW6JHdG3YJwbfITTY43I_8_G5mmI58NG1Fh9ZR9Jd6A5Gp5vYotcbz0Mb7drPPGOmK7htB1R8HWCWe3sMhvdNP9C_ASrAa4XKqUomCUVUBbGFtnnlv04NKJp4REq4-HBjS-WlbMj6LjRudtPFgG_f28vxpMMDKiPPZvz-KNvwxLCjUthX-AW6ge1FEB0ObUo0oBJr2imOGvfPHWSlngyMy8jBp6GmVwgS3YAESy850gih8GmKcaJDajfDUpFhgm_uCe7kXddP2bk9rEgmy2iiz5Fv2l40o58oy3J22qVaA==
2026-05-10 | Iuliia Nikitina,EUR,2026-05-10 | Iuliia Nikitina,788865|2026-05-10T14:09:01Z|INVOICE|2845868162|2,788865,"10/05/26, 16:09","10/05/26, 16:09",EUR,84,0,0,0,77.06422,6.93578,84,0,0,0,0,77.06422,84,0,0,2,,,Iuliia Nikitina,https://live.tebi.co/documents/receipts/Z776PsyzxnmX-SQn7XRZw6kluee-ItQONFYnKqqB9mSTNmkNXC2Xefen90PcZk6tTKXtrwwwdgJqapJxcq5z8QgGngfcOVqtB9jqmcPsRJhPrf-cUAg7v0ImqHG6PRHrOdiGMs4pWSmD0p4nozZ7ZC4RRiVev3Ki9WTf_HivrzS3lH_92mr6g-H17HFXR5YSUW3yJz9aJoeqYzLSNjuXiGVOhnem7ACHjOzB2PKKQ5nlCprrVlttmeZSYKUPGnmikIV5WG6Jv3WJz3A_l0icE482us28r1mQmVmY571PR24nubHmBtryzsF0W8HqwwkIuWmwYgM1snBW0xTHB0OXQA==
2026-05-10 | Iuliia Nikitina,EUR,2026-05-10 | Iuliia Nikitina,788865|2026-05-10T14:09:11Z|INVOICE|2845868162|16,788865,"10/05/26, 16:09","10/05/26, 16:09",EUR,42,0,0,0,38.53211,3.46789,42,0,0,0,0,38.53211,42,0,0,1,,,Iuliia Nikitina,https://live.tebi.co/documents/receipts/Y_oXBl1UXA3-Ru6QeIwHOSdXOofj_g4RKpXd6sdsvsUFU7FMng79PQuPhG4JhrSOvm02qgjoNFbfhJYPf11j2I9_PyYXOQZL_g06tQW4_S55vG0kHZlUpGWgbBRw8ZkiWmP-hPcMDpcW9A31ZtrcXkINJy6ou9HmDS-NtSlQYOgxbsrRZJb7priC7ts2HRBBPT33wwz6tsZBBYIgwdlOE-8HDUjKVb5V64Ck9qPE6j1WgsapaMk9tGH9sGg9PzBWKJEV7slin3bX6qdxjl8w3K-P_ypEs0IPVp76qIhtqC_OyaWXju9GuOTpcYqdSkNqlFVZUcU0XF1inMIfR4Z7zg==
2026-05-10 | Iuliia Nikitina,EUR,2026-05-10 | Iuliia Nikitina,788865|2026-05-10T14:55:02Z|INVOICE|2845868162|2,788865,"10/05/26, 16:55","10/05/26, 16:55",EUR,22,0,0,0,20.183486,1.816514,22,0,0,0,0,20.183486,22,0,0,2,,,Iuliia Nikitina,https://live.tebi.co/documents/receipts/AGPiU22G1P1upJkihoaC17DS8L8fDgDbZ3xeBggOVVta6UPHPLrkWuPDbfAkvvLS7SpUQhMaMCEwefOR5NEvsNvhxbXeSS65WTB_cSLedR-oIH7F_XR71OvN_rI4mat3aMpv4zzZ3_k0oq7w-MNfQdV7gDP-stSO8D6GM6y5t9DCDt8TlAIZQQzwn-WEPX77xzQa-T5Tkx9HXkm4hsTopJc-SXddvzpXC8mzIJ1y6zddKWh5deNXKL8SnoDBVNL8Ia9mYez2Gg46fNIXKYTROmZwyQn6T7qhez-MvDWRusSR7KlfVwiSS1LJTG137lw_waxEpJicLQvJF_QqzMyytw==
2026-05-11 | Iuliia Nikitina,EUR,2026-05-11 | Iuliia Nikitina,788865|2026-05-11T11:48:31Z|INVOICE|2845868162|3,788865,"11/05/26, 13:48","11/05/26, 13:48",EUR,31,0,0,0,0,0,0,25.619835,5.380165,31,0,25.619835,31,0,0,1,,,Iuliia Nikitina,https://live.tebi.co/documents/receipts/VMfymJAQFoVMHXOYXU7cpeKgm0zZDq5lsZt3Lp7MEnVu-rfXLADvy1pqAs_K5jS581Nv1QaFlDQqCY8hHSNdfLd12NCsuGorv3nHQ5STNWlItULsuQ8OdEafPKDnxM4vIHEnkvAaDBCqsTz7FBD_aK0aqP1sb2ZmoiTOB85TpDYixJdzFSlpkfSDwUkMkPSrP5yAj9OsAIfEMhDrxIm0-VMOcTryPI9jl8maXeow6ogXBxBXcS2VanULZ1GM9ui6U-VTKkwAXM6uTo5fXej578i9TYmoEIORHdqREE0e3XoghCOQ-9njeDLWtom8htvD7shhudLtrDUZ1QcJpZjWRA==
2026-05-11 | Iuliia Nikitina,EUR,2026-05-11 | Iuliia Nikitina,788865|2026-05-11T11:48:56Z|INVOICE|2845868162|18,788865,"11/05/26, 13:48","11/05/26, 15:44",EUR,42,0,0,0,38.53211,3.46789,42,0,0,0,0,38.53211,42,0,0,1,,,Iuliia Nikitina,https://live.tebi.co/documents/receipts/nqVnDW3dfdrIjtoh0NbnuxIDwVSFZ06AXEONXyrzJTlUbDvz3znLpFxLKymxcBKQtgsqa3OEz8K0BPi0nRQIAcmGMa_OAzmqLLLigrWca8SwppS2AWzHRXcaciF0qqte8SlL8Jo0dCJ2FPEI4zkw1-jKySghMcVdUg8HVP86oJ6Lr5p4ia1P0MAVMTfmrk8ei89XwlRfq262x8U_U54IwDXspJgIkqE3JyPHi6x10ew0_Ne9-L58VkBqZtonDhMnPvpwEQSaYzi_nXhwBNy9LJ3Z5Kz6egwht-mmOCc-SEXEr5AyET2ATG6E2zt1u25vnRqszNld3q2ONRWGwWPdKA==
2026-05-11 | Iuliia Nikitina,EUR,2026-05-11 | Iuliia Nikitina,788865|2026-05-11T13:44:52Z|INVOICE|2845868162|32,788865,"11/05/26, 15:44","11/05/26, 15:46",EUR,42,0,0,0,38.53211,3.46789,42,0,0,0,0,38.53211,42,0,0,1,,,Iuliia Nikitina,https://live.tebi.co/documents/receipts/ALATABYtugCU2K9tlSZmu1Op8KprWO9Ud3vCEE1-fF9ruuRksSdBCbFrX2qoLZAPvyP-KTzOFwrik9f3L92EkPHDEKUGH2lj_eFSkixC_5RXCeRcryIwctVNgusz6dk4yBY93UynObK1ECN6WFg9YoVQ8Bt_6Toa4GQetFeGpj68jNmBiI3AziCaPI9HFMce9s19lYtq-28V3jitf4aUKbOy4yI5ZzTnfbyz-eAxStyOQc2uDyJ2YykGjXWPTP9mVucgkEXPllKeF5w3ueQXIChsrpyp45yyhw_42Ua7fAXFJDgrA3fnNiI4NQuvM7EWCcbaL5UYbk_mLCybBTAtVg==
2026-05-11 | Iuliia Nikitina,EUR,2026-05-11 | Iuliia Nikitina,788865|2026-05-11T14:05:24Z|INVOICE|2845868162|48,788865,"11/05/26, 16:05","11/05/26, 16:05",EUR,93,0,0,0,85.321101,7.678899,93,0,0,0,0,85.321101,93,0,0,3,,,Iuliia Nikitina,https://live.tebi.co/documents/receipts/gaKnL0tAAxSGMHp4VpTH19YdSKQVw-4p2TXeUpobYmAh4WcoKtkFwSIdXJvYAjWXesApgisHfDjgNgOMEvs-TrAa2-3K2H-KIwz5Qxpfv0JcwmjNRNGi0OQ3IQoegJPMAjZ2Y5Ulx7srQJ-n94cJec5M-OWrN1ekf0SMtDh04ifZ59iwE9uTlbKdmlklEZj6WTiZcblmYbawPlL44wkLtQYTGyI-z78kWcSAqygBK709bGzSfweJyMaQx96fmgn_tktnx_yXCen-VPwV7wOtieiDsGP7rI8hBuddk4IGuZ9f7EEA-bTKRt0eIW8fT0qiA-AmpTW7DWGc03Zb2dPeRA==
2026-05-12 | Iuliia Nikitina,EUR,2026-05-12 | Iuliia Nikitina,788865|2026-05-12T08:48:57Z|INVOICE|2845868162|2,788865,"12/05/26, 10:48","12/05/26, 10:50",EUR,6.9,0,0,0,6.330275,0.569725,6.9,0,0,0,0,6.330275,6.9,0,0,1,,,Iuliia Nikitina,https://live.tebi.co/documents/receipts/dZDhpzU0hhaqib3XfQFjNx7BXp6vRBAt6lSCkdb1FgbpvZN7T_RC-DJTLV_ussWM8UqwiOpszQ0GtGhg6rgbBkHY6qHohSN1rt4ju3-JPsU6OU79q_FU1opID5kbeGBH9YVUk1eJbJ0djc5kyXlLtDEsiWzQ6cZZpqKKKovaOC80k92uiaYjxpoPj83GPZYMstUVOYnGdApL1cY2slckVihIor9uLzxLoxmKO0HAzSCxwEYZHzD2m5LTXHowOF8XE7m6uesd25UueRFi75xanL_yNnASycV8joaw5u0D5qRe-Ed8cmLo9tpmU8dmUwmPZL6XyXof7q8kMipTyBEVhQ==
2026-05-12 | Iuliia Nikitina,EUR,2026-05-12 | Iuliia Nikitina,788865|2026-05-12T08:50:07Z|INVOICE|2845868162|21,788865,"12/05/26, 10:50","12/05/26, 11:35",EUR,15,0,0,0,13.761468,1.238532,15,0,0,0,0,13.761468,15,0,0,1,,,Iuliia Nikitina,https://live.tebi.co/documents/receipts/aId5jit0onFapK_7nxLFZM47B_vsKUnxx-P9P_SEQfe_uCem7kOYN08A0NidkY5ErtFCeGQwdRLZPdB_rtzhV6sfwRD9D-dDCCnr9wXHWeQN4UiW8sbKj7xN23Al0Uat_VW6lIx-UzJ6aKd1BqByquCncexcwiTR2xNvhwXeBZJJheH92cgMQu6_ykPm6AUOBwsxnJR3Sr0NQHqQCaMKmhgPNzFJWgyP2r9I25rXcvuGijunYzOJ0r5haYuaWUIdFW6jSuH3pzjxnCuvu56th1rbBcRllT1iI2s9LZk5IKxvtyLmVMrFGQf9wTHSC8rfmF7wLpVBBsL8zVyiXT-yvw==
2026-05-12 | Iuliia Nikitina,EUR,2026-05-12 | Iuliia Nikitina,788865|2026-05-12T09:41:31Z|INVOICE|2845868162|38,788865,"12/05/26, 11:41","12/05/26, 11:42",EUR,42,0,0,0,38.53211,3.46789,42,0,0,0,0,38.53211,42,0,0,1,,,Iuliia Nikitina,https://live.tebi.co/documents/receipts/jWU9zmx1WcMUKSFfyJ6bnDqatefj1_l--wGN_NWC7LYLAxpuxQlF72s7-PH6V8TRPw0MBrJaGpaVQJqumUKD7l9oUgUcfKn7vEurlw0cvWD7wbIQrhE_Cq7ThgSGOO7OgFnPLMJIt5vllPHKIwGkRM1x-KpR9ksxUXAAIs0YS8cOODKYB4NOZJy1SExmKd7ZgSS7tIcpgoeWFL41Weu_v0YU9sfHWnZCrFRvAxnkWlhE9YMOSKplPrYq09CGuncK3W2udE7Et1oDVpSy7d_pYRUY-lRJajRux8ZTcWYZEDxsL71SfE8ia3XLoXMbj5_cHX0cQoZyuGwr9W4AaV1P6g==
2026-05-12 | Iuliia Nikitina,EUR,2026-05-12 | Iuliia Nikitina,788865|2026-05-12T10:14:35Z|INVOICE|2845868162|68,788865,"12/05/26, 12:14","12/05/26, 12:14",EUR,84,0,0,0,77.06422,6.93578,84,0,0,0,0,77.06422,84,0,0,2,,,Iuliia Nikitina,https://live.tebi.co/documents/receipts/BU_Fj7PK2r_pgL6dJBMqi4VR2yHhAAjXbdafSIQeRzUqjWcoDJp_gYRieAsUkM7xi-_Ko6QvDSRTrXFpdU7G-_FsH7IvvRAYMlpUhxtezQMsY7fjo5v7RuwMd3kjWiJCYKUoDHxmE-TSeq2oGOkwGOVmWLuUBqZj2GNOMsfYo8m3LhV4WSHKBegNDZ4BDXfdwWmkIk0X-1GsG_pAd7NYs1s3qcUX4XtfBQxdrW2OoeBPRxEmBFN__DGw4ViRp3cYvdgHTBwAzW0sNSpyH7J655Zbphp3AqnTMsNSGnnu_70dXmokavaAFrM8SiYyzkWcI7sLK2RaKk7W8qL5bn7wMw==
2026-05-12 | Iuliia Nikitina,EUR,2026-05-12 | Iuliia Nikitina,788865|2026-05-12T10:14:59Z|INVOICE|2845868162|82,788865,"12/05/26, 12:14","12/05/26, 12:30",EUR,12.15,0,0,0,11.146789,1.003211,12.15,0,0,0,0,11.146789,12.15,0,0,2,,,Iuliia Nikitina,https://live.tebi.co/documents/receipts/GM3fkRB80yzIB2YrEXYe1ICjwPKcbdOvOy2ro9meYc2ILYyQH6WYEyeO9Df6zoHW_lT7o3RhVtogy9ZjeR5Sp36tpE90ajktgQWPGMpjfj9kq1IGBTHvRbT1ZLaX7hStT1mqmbHWxe2s5UXJK1my2d37t1Wyz5SDdCkOzvBB3ZmYgVaPjQoMgIgBBmRtOFSL8EJvDQ8Zknyt1lXP_urktpciXl0bXh3s1SU1GUvKLYRcPQrVUZksf77GMem37FqIusW6rG9x8HHKxyz3kR4-TAi9Lt3NX08zWISRPRCTnIm9_8SMqy0jeHpfvPjAWuxHBRrVHBGAsGAwSUXufbuASQ==
2026-05-12 | Iuliia Nikitina,EUR,2026-05-12 | Iuliia Nikitina,788865|2026-05-12T10:30:19Z|INVOICE|2845868162|103,788865,"12/05/26, 12:30","12/05/26, 12:34",EUR,22.15,0,0,0,20.321101,1.828899,22.15,0,0,0,0,20.321101,22.15,0,0,4,,,Iuliia Nikitina,https://live.tebi.co/documents/receipts/caUOxyaI-7zNom3nTOS74CUDcRdk4WHvFABd-5TvmHaQypfkUgj7CVxVvtqzF0RXVb9r1Ve139Ecpk_snYtWgVm4UTO5xmh7wRixCcoRDexj-W9IjNaAkH66EWMOxHKmAjpkevn-_YdmWDlkxgqp75owc91iWxKPWpDohi7MrFoHL1bQZUS2m8DlEaX89gt8QxAJBwBBWmkCI9nvu_AeQud0PrT5993cnzf45vLdGsZqV7CLfOZOT-jWnpDFXB_Tbs1wG4GqcRpcaJCRLDqS9x3D69prWFzPLcWssCEw0qvePCCS_tSKUptpAEt1N2PcbVxMTROuYrz0mDU1xtpQ1A==
2026-05-12 | Iuliia Nikitina,EUR,2026-05-12 | Iuliia Nikitina,788865|2026-05-12T10:34:32Z|INVOICE|2845868162|124,788865,"12/05/26, 12:34","12/05/26, 12:37",EUR,7.5,0,0,0,6.880734,0.619266,7.5,0,0,0,0,6.880734,7.5,0,0,1,,,Iuliia Nikitina,https://live.tebi.co/documents/receipts/i_lsHzWS1e_Qiovi_mVRQeftFXhgkEoqPeSKvgKxzP8g-aKGZbQEZVMoEX21nm5oUpuEr5udAvU7j_iZ6kD96O4e6Dib_5RaitL59pJACjtYc16frz53W938L_RdYKh1NlZFM8lTS7t5BTtJW11LgmTjS10f_jBxGI-M4cb3mEMtGfiZjHj0pyh8eniSohYC1IGj0nupb3lSeb-_3pt8-EGx-U7Eoj6csXVLe4OtbgVOJ1jcCsZpg8kZyxpp3XlW0wxtsqYyuoydcD3gKCmG38BdIFpP2k4v8zxwqGZrhY35gza_tDfEaotnKPeDWcH2fJvgxvIKt2_p8hrOB0XJRw==
2026-05-12 | Iuliia Nikitina,EUR,2026-05-12 | Iuliia Nikitina,788865|2026-05-12T10:37:02Z|INVOICE|2845868162|143,788865,"12/05/26, 12:37","12/05/26, 12:38",EUR,6.9,0,0,0,6.330275,0.569725,6.9,0,0,0,0,6.330275,6.9,0,0,1,,,Iuliia Nikitina,https://live.tebi.co/documents/receipts/ecPmdCyNulBSyPoe5DJ7fVFW8Wt7ODodJ7lB7AagX_ZWqsUojTBW07nwwmd-v9m_sLLxjirmuSQxAcMRIe_-4e0YYUxaYUhp2xrGpsPKSKlqEHCCQY3aqw26vTAQObiN9VnL2QzQtX6jPseLlkswHaInqFmTt3zKAyRBY6DK0VW2V23Aj8k8WMX46rwD1S2dkxM7ErHph6rFjbGJJnq1iS0-Uu63OP9VWzc3jVYwnxIlNj8uW-0Tf52tPMBwK98ZZg8SHYO0GpL5jgSNuyQkj7pAboeInYizRqSTgeOw9_PAuXzSfOQ3IN99QAi1ZPIiv24Fq6o2LDRAn2FBsqwl2g==
2026-05-12 | Iuliia Nikitina,EUR,2026-05-12 | Iuliia Nikitina,788865|2026-05-12T10:37:58Z|INVOICE|2845868162|162,788865,"12/05/26, 12:37","12/05/26, 12:39",EUR,6.9,0,0,0,6.330275,0.569725,6.9,0,0,0,0,6.330275,6.9,0,0,1,,,Iuliia Nikitina,https://live.tebi.co/documents/receipts/Dg41bLM_z_0lnniLNhfOz92i6VzIBnuMb_t5Ic-TaJQ-18wZEU6x3k9oaHw2YnYVMJSvVQvcSTOkK1UfcevjSMiCvMhyKttv4ub7FzBE30sjpcRXobZpWO7jkOwKJ7nU3pRdQTsmvZ7rQc6GoO14vGfDGchPo4xY5nYx5nLVbHk2J8vGwZ6P_bS9vptWG-0zl1od0EPOprvSID7j9L9D1B10RjttYFZo2SUDRyJ_c1PRwXiJnogL1ZJGI5iU5MyxDEGazwmkuF6tAQitB1fLaEYqQ9GqfUG87tkAvH_dIcEj8h4Ig4-JK9_OvhEAi55WRw-tJBWyLrEeVrnjlqB2DQ==
2026-05-12 | Iuliia Nikitina,EUR,2026-05-12 | Iuliia Nikitina,788865|2026-05-12T10:38:59Z|INVOICE|2845868162|181,788865,"12/05/26, 12:38","12/05/26, 12:41",EUR,6.3,0,0,0,5.779817,0.520183,6.3,0,0,0,0,5.779817,6.3,0,0,1,,,Iuliia Nikitina,https://live.tebi.co/documents/receipts/hM98eeHtv5EsFkNz44DeXjthLObrHlOAerDRbUX0Ot3i-itlwHJ96LI_C5dLXujYebAicJQRVMcSwO3tMxhXrSSgNueN34u7x8VclLydiXMaaNukfJzM6989gi1m50DtlVKDLRwqZk3BhZBwAY_05_B7MlwtA6Hr86orW3-9ypAjG6zpvs_oDRvDm11eHAQ502nHpSl1aeVUjXzztRDWZx_4jdwFyXq1BFWfMyiDYTC6PTgAB5yiLqCYhETJdS-dVwEHjsf1h92srRgCEf7EPg0XmQ8zI8hnUun6KHn8779jz670XOEybaEcexa6Vmh_UWzKNgrv7Tw2BhM7hmRs4w==
2026-05-12 | Iuliia Nikitina,EUR,2026-05-12 | Iuliia Nikitina,788865|2026-05-12T10:41:44Z|INVOICE|2845868162|211,788865,"12/05/26, 12:41","12/05/26, 12:42",EUR,4.45,0,0,0,4.082569,0.367431,4.45,0,0,0,0,4.082569,4.45,0,0,1,,,Iuliia Nikitina,https://live.tebi.co/documents/receipts/BeDiRFy84RxcqFZKxrExvX1BM-1lqCcI3FcDmtBgjgqStDYtk-29ttk5pktM8qsPsIPLpCiO7mLkFUmxy-7Q1OIWkUIPWrEt2B6uQfTL1cg4qQs5d4lWbkhN3kEvhy8R7NZDztQN48T-sUnw3Td-VmS7CNM0tSX6hAnwsBeVObTSUoFBzD9028XIxL6ZowCZ77RvceDUlErBwMKpcczZIjD9vVUPFkYzIe82svEC-0QjFg8qxlCs9PklJfyBt98V4W9JkUXHEWOxmcqleQYIWZZjbT6q-jLs8P9dXy0x_C9VQpjVEPTU0Gn_mtkIW-E6hwLFARmMDafwhBqDu6NUeA==
2026-05-12 | Iuliia Nikitina,EUR,2026-05-12 | Iuliia Nikitina,788865|2026-05-12T10:45:38Z|INVOICE|2845868162|235,788865,"12/05/26, 12:45","12/05/26, 12:46",EUR,23.5,0,0,0,21.559634,1.940366,23.5,0,0,0,0,21.559634,23.5,0,0,4,,,Iuliia Nikitina,https://live.tebi.co/documents/receipts/QbFSNPWVWc0gBvCgh7NEn-0md4MwqQe3tI-ToLUQwG325QDkU2O-lHdbx6l5yabllvo5YWgGhekMLFZxrRfm9p4M15T_F5nGOvsq2cPkwX-R1yfcHhRI2nX7SiPU7nZWVUqJLAKyEgtyGElsOMPUmauPwa090R7x4BxAKsUiCQwfKKWsWZPh_ePdKmcqVtCAAdhaE7UdaWrX1Pis3iL0rkrBq8Pc3SZ9KijU3dPFaj_fhsiOIhAqzCSOfhvDm6frD1vQJfdHWENFYDnlLulE5H0PV4L335hh_Uo6PPqs79Edohmg25KaokTHx_3_n-B-VquQBfCKqgrAUcXXLxIz4w==
2026-05-12 | Iuliia Nikitina,EUR,2026-05-12 | Iuliia Nikitina,788865|2026-05-12T10:46:16Z|INVOICE|2845868162|256,788865,"12/05/26, 12:46","12/05/26, 12:48",EUR,7.5,0,0,0,6.880734,0.619266,7.5,0,0,0,0,6.880734,7.5,0,0,1,,,Iuliia Nikitina,https://live.tebi.co/documents/receipts/HoiViUSrcfJFWNx6FfFMcFCdyiXP1d1WC1Fb3fbvUlovKxP6TCoEqJK5OWZP_LhH7Ei3T3yVNtfX3JGwsf4MihypoEGJKm6eKNrySwS-zhUNFGCWGbwmhFALLmeihTevgNflG1u4WPwxhCS3wOy5HnDIhFH8E1bTGnKja0mdruutvdVV9y1sv0TVx2vNWlEmwsEila9zXAqZWG0maYoRWIIL2kmMd0Xkwxzf4P-5FDFMoQDGVwh5IaaqdgvtR4tKrmyFz2DT7dtrmZ8ygw9BV4Ka8AdWZGbcyrfTsybL_J-lG99_RYG_jEUmnL1uMWowajsrJ73f5wUdhIyzrkz-KA==
2026-05-12 | Iuliia Nikitina,EUR,2026-05-12 | Iuliia Nikitina,788865|2026-05-12T10:48:15Z|INVOICE|2845868162|269,788865,"12/05/26, 12:48","12/05/26, 12:48",EUR,13.2,0,0,0,12.110092,1.089908,13.2,0,0,0,0,12.110092,13.2,0,0,2,,,Iuliia Nikitina,https://live.tebi.co/documents/receipts/fCddBPEoYoPGGPze7xcL6IkivmsxuPDlaI2n8k5pTe7oxAd5rlTvCtJ1tDRB7RBwvGNYdvCP4xcS6gXglBrSCmcGFascgQSeb1W_G-RiICrY0uIe1F1c1z8Sqkeyv48XjSK7H6D8nfYwodkDr99vDKR7_C7WxdgbR1v6lgTuQS0CCyGmBx6_Z2OlcaitMRy_WNWd19-x-I7-RWA5baqwMSrPVDW8cbKruE2SaerzT5iSw-d6GRHoobPpyvVGK7gCHVb7Qimk5fDmBYFbmWYr-x50Aqx-FcJ_H2P9QytVYZftWwiyTCEJ5yleg6PE91e9oDGQ8mlEjDR8eK96_oKP2A==
2026-05-12 | Iuliia Nikitina,EUR,2026-05-12 | Iuliia Nikitina,788865|2026-05-12T10:48:51Z|INVOICE|2845868162|289,788865,"12/05/26, 12:48","12/05/26, 12:50",EUR,10.65,0,0,0,9.770642,0.879358,10.65,0,0,0,0,9.770642,10.65,0,0,2,,,Iuliia Nikitina,https://live.tebi.co/documents/receipts/OZEeJwxSno4twZdC15fUtaHwOeL2te00i4-SefOHx2LTyXQaB0BeKkrbdpVQWJelV2JpAA25PbPnT_IzuYycaAt4ZQip429sEzKl63j0pcfQFNjnE6Ts0OWT2T6jeJN1Of_NCET13juwWaDGGf7u23I28Rk2tKXgL3Mb8CNHZaXfGWwEdBCDxi0wW3MqFnfx_gN4ZYtaIWNZF78AYckfnoTCJaX_n8p0JPmnRXz-djPolAib2md0GV2ZAKsACtiYjyoMP4V5759GFwLd9s5VBnAzpDkzsSfIZ_JIa8QQCuvCCy1LQtnqYHmJ78fQbbt_oY1KwojCFNgybKiGzhSxBw==
2026-05-12 | Iuliia Nikitina,EUR,2026-05-12 | Iuliia Nikitina,788865|2026-05-12T10:50:21Z|INVOICE|2845868162|309,788865,"12/05/26, 12:50","12/05/26, 12:50",EUR,6.9,0,0,0,6.330275,0.569725,6.9,0,0,0,0,6.330275,6.9,0,0,1,,,Iuliia Nikitina,https://live.tebi.co/documents/receipts/A5hA-Jwb67G5UphwIZDSc4pmzz11WCjnYrZK_hGIl0S_Ft7k8MUtFmJU0vyQK4bddMjwSxzc-PaMIBhJF1NYck4t-Fj2NtXAKfv-XgpVL_kcIHcibOAATiNsSR5dzdaCLramwl9bKPSRamUi3rRwvzWjuUWwKUGhDmB-eJn_QwBg52SiKWtUMu1_FjC1d3pheqB2hqxo8zbO6NB2s5krnAXVU6bAa0Feyuv2jlbsXh0qbi_ahd8stwVMu4AtC3w1pDaQ4bBndOvWihOGbf-_n_8QHt2kAwu9YprDsuDBvPHIUXHAH1GuLLoM-Pomf37vl4FSXkO9RrskE4o0ZL7hbQ==
2026-05-12 | Iuliia Nikitina,EUR,2026-05-12 | Iuliia Nikitina,788865|2026-05-12T10:50:58Z|INVOICE|2845868162|328,788865,"12/05/26, 12:50","12/05/26, 12:51",EUR,13.8,0,0,0,12.66055,1.13945,13.8,0,0,0,0,12.66055,13.8,0,0,2,,,Iuliia Nikitina,https://live.tebi.co/documents/receipts/Y_b3_P90WYIWhcbTuIkAbKHk00XMYebzJNoJdMxG2-3CVEmR1pH6YwQ-p3nXboZguVuha_p49lE9F2uF5xegvDbcBo7_pVlGN8bMpT-cPSAfAZUkjFCpMlWjhvmYwjFZzDDrqRhOvsek8a8hsp66FQNkt1mS6uCuLS5GIHUaDZN7LCs4k51cEkRtXhm5W4QLcaAAH3UlwwxiX3UUbpxgECkm6Xg7e2zNa3LR2e496T2E18-ifjVCdXB5QU7g0AYHsEs7Ce_lgQ36BO-fJc602FY9Udo-en7khwnkCJwB9fjkc2FRTkIi2vAFi6Ns6Hhzj0zTrTZnpCrkNVqwx1nF0A==
2026-05-12 | Iuliia Nikitina,EUR,2026-05-12 | Iuliia Nikitina,788865|2026-05-12T10:51:39Z|INVOICE|2845868162|348,788865,"12/05/26, 12:51","12/05/26, 12:54",EUR,6.9,0,0,0,6.330275,0.569725,6.9,0,0,0,0,6.330275,6.9,0,0,1,,,Iuliia Nikitina,https://live.tebi.co/documents/receipts/KhYDimAsazFdtw9aIihgC8PAVqI68r4jMTQG2v1rWdSM1EyryJh57Umnvv6c12fxUwJmHd3JVYePXwBdVfbSOgl7uMVVDw64_xIQYEJtdVmOEqNGgWN3wELjQbxgjKLKYVcTj1C3mqkAsr1URsQqYBFzUON9pIfhrCu-7BfqUlnkNdatlFmeDbM9VKPK9nPN3qMGFRsqy2Cecl5s_d6aidaQuNfIZWZJhMn6-8trRCs6jte67kHNnSM_ZocTX-X8bp2PuGdQ2MxjxZKWjfKe5g4k5iE-xjgcwDN2EFJuHVo9t7aSsoc9Aj1GsLLX-8WRDsqLFJElCmdevrRKjctY5Q==
2026-05-12 | Iuliia Nikitina,EUR,2026-05-12 | Iuliia Nikitina,788865|2026-05-12T10:54:39Z|INVOICE|2845868162|367,788865,"12/05/26, 12:54","12/05/26, 12:58",EUR,6.9,0,0,0,6.330275,0.569725,6.9,0,0,0,0,6.330275,6.9,0,0,1,,,Iuliia Nikitina,https://live.tebi.co/documents/receipts/W3Geskg_mkVFFGZe1ow-OHjlC6E_t2R6bweH9NC-ECoC7C1GEJwYtM6rvGtjx9EFcIS1aJ0F3YAQZZds-s63Ok4fj9fFSVT-Wienjd8Ezm8EhXhhWd4k2pkn41MbZDd14MgMsOYajMVQhnoKsUEFHYuUg4YFiGzo4e4IIuzqp8UiG3yrHpMV4uOpiui1mDvt8CC2VIKeq5QMUxykX78Tw0zeBlokZS6wA1q_GX-6N6OMlqARstXY669u_dqIjxCYMOYokcOGQQ7pcs7KzGO6qD1NAEovcXY-6YQkRpoH18VHw8LDuNJQw2VmxfEwBnYECaVRjKH4lGYGvEWv4woXuQ==
2026-05-12 | Iuliia Nikitina,EUR,2026-05-12 | Iuliia Nikitina,788865|2026-05-12T10:58:48Z|INVOICE|2845868162|387,788865,"12/05/26, 12:58","12/05/26, 12:59",EUR,20.25,0,0,0,5.779817,0.520183,6.3,11.528926,2.421074,13.95,0,17.308743,20.25,0,0,2,,,Iuliia Nikitina,https://live.tebi.co/documents/receipts/fkvP4bJc6gejKiGNE3iqqE0xk0aQ1vJBdN5Op5K9lC2iiOl2BTyOuc4qrsb0rq6s1VzSQM9yFa0D0I25iMVu_n_d8vjAZwK7Jjv-AOipl4ID64nkqhAGXe0IdaZ5BUNubbqifA6pKyQ6pAzlAGuP_LCaTuHYbdtPbAVLw2-ibuY-hq-WS35aGB6kRpS0VO5_dAxg8qaPIfzXofJcT7AQRIecPGooYUNAzh45n-53EEuU_MoP-ulf39D5J7P-y-bg5Us4tvjAl1bYSsT1DipaRbQmo19dyjNRyEQB5z_TOwG8k3FFUHc4Qh16iVqfqK2ie92nqDhG4Z1ce-1_Fmcfkw==
2026-05-12 | Iuliia Nikitina,EUR,2026-05-12 | Iuliia Nikitina,788865|2026-05-12T10:59:34Z|INVOICE|2845868162|417,788865,"12/05/26, 12:59","12/05/26, 13:02",EUR,13.4,0,0,0,12.293578,1.106422,13.4,0,0,0,0,12.293578,13.4,0,0,2,,,Iuliia Nikitina,https://live.tebi.co/documents/receipts/bzx5XKjsZLOx3A3bimlRdB9IR97vHx0vhsxzS855l7OxYfRWpyY6YrRkcZ-jZOc090jJA-ySSD3laST-emXVA-Nz720kTgMM3K9z-4Yhvng0IqpHegSjSnw7_Jk10ASqhGKUD5ajyfJ5EXAhDk5FfUT7mJ76tPnl5RTZOC_3tRZih0SnVYmjni5oP-VX5dAaGFtDAbMybR5vWcRxvCyD9I0KMXEdXTNlyJ4qxpGPJ7LDCR6biu8q4pgd-kIngcBFGzg96RUR0RnwjrO8JeAvaDiXMUcfoxjtLbtCpaB_O9Vg0J39rU0Q-IFbF987Wva8i0rrxCvueKbPO-yY4A7bPg==
2026-05-12 | Iuliia Nikitina,EUR,2026-05-12 | Iuliia Nikitina,788865|2026-05-12T11:02:19Z|INVOICE|2845868162|438,788865,"12/05/26, 13:02","12/05/26, 13:03",EUR,6.9,0,0,0,6.330275,0.569725,6.9,0,0,0,0,6.330275,6.9,0,0,1,,,Iuliia Nikitina,https://live.tebi.co/documents/receipts/n8YEWWfBa826zmcp02X7jHeB_Re41CjR0uM-AMvO0iVsZCRmmIXEgcXDUCATdCdYATj3sC5tpOVgQ0YM6ft9d45WAqFVUmWZmUl97S6i6razhYeS_wrIdIOa041oriJqgcjEBo0ZE1BlKnMG8MXw7quBECfvyF_Zx5azlYqbm9Sq41B3chOYfp7dX6OuTaPxbaMJshYq4a7FOthtKJ3qIAP5kaE9Qdxf-QsGF1s_bmCIfFjFUp1uCSYeFsbq8tZpuW6cs76LuLuqMd_eNU5wgcgz9FO6CiifQtFeKycYm__werdMuTyfOaLXA-vvpmjhuq1zqeRqWise2lZTo9_5AA==
2026-05-12 | Iuliia Nikitina,EUR,2026-05-12 | Iuliia Nikitina,788865|2026-05-12T11:03:07Z|INVOICE|2845868162|457,788865,"12/05/26, 13:03","12/05/26, 13:03",EUR,6.9,0,0,0,6.330275,0.569725,6.9,0,0,0,0,6.330275,6.9,0,0,1,,,Iuliia Nikitina,https://live.tebi.co/documents/receipts/EsRSO4xnCiWB_ghhPc7C_EoBaWEajo0B_KziT9CsaIpWc2DDN0GonzOXSkJ3mfwHaYsoQVyalnJKr1bMVJKNLjYKQXsJn1L9cytvO2hxYkiKBzhbsvCQ48PILLkr-YJnnm15lZZlnt_eiKJU8zk_wkQAOF5-u_pHtlpTgTb0cCRfoyLEPUlqxCSW6iEjt6YtoiXMw_y9HDpAAel-F1_T3xPBjAd5PkKMas0oLt1Bf2hRcHzlnlldVv2oD1BzrRifpPbaaTex542t2kM-e7HIWj7h6rAHfEv3OS_PbfR_hqg2hhRLsI2J3UJtHxEvB8FwuzqvQFKj8xDJ3zVy2QJI1A==
2026-05-12 | Iuliia Nikitina,EUR,2026-05-12 | Iuliia Nikitina,788865|2026-05-12T11:03:39Z|INVOICE|2845868162|476,788865,"12/05/26, 13:03","12/05/26, 13:04",EUR,12.5,0,0,0,11.46789,1.03211,12.5,0,0,0,0,11.46789,12.5,0,0,2,,,Iuliia Nikitina,https://live.tebi.co/documents/receipts/X0KSQsXoiMrxJbreZUuPmbzw1WP_NBka6XGlAWh2n4Ym4vM6ufSiVDwBTEwUKq608jZtsZZjYbibGPyZa0LxJSDveQs94sFXzS9BDsjyUNONZzCutY2SPHbHgq8PsDCc86XAX04eWXyxYZyunGezQbP9HJhONwI0BDk9nQbaHXUgN_0_MyAJ1bTu3k0WRifRaj9QJhKp6-AtnGaGC1kBshkBELv-zUjH4YWtXkouJzIjHuBLrT0_t7Y995EMu48qnBfbrkVekmow0dHUtL5z2kM70ss29yJp4cPVndRmlalpoPTkaLpHIRd39S9lNb9YRl5PHtn1uapnQ5mnco56eg==
2026-05-12 | Iuliia Nikitina,EUR,2026-05-12 | Iuliia Nikitina,788865|2026-05-12T11:04:19Z|INVOICE|2845868162|490,788865,"12/05/26, 13:04","12/05/26, 13:05",EUR,7.5,0,0,0,6.880734,0.619266,7.5,0,0,0,0,6.880734,7.5,0,0,1,,,Iuliia Nikitina,https://live.tebi.co/documents/receipts/GlW_aNuQHEhPWsbvo0ugG7gWouH76R8VG6FfTg5YW2O--OXhxP5dGIW47HHlXPDhJjcRuVH3Q1BiGGhzNJddWU3yOA8mq3scuCbMxAKTn4VtNsh70lF84i4GvO-BwGbnBj_F664_i6HioSoeNt4onHJrlGI8gsisth7fuUSKb-vT3f_JYLCmr3y3sNDpJixancSfbvN7ck06guR6O_83um91AeOtPaMSym_PCbTzchQf951Vv7SBQ5gxW0K0tpLgJ-yXqjJiccVuXQ3xjcZqNJMyli4d5QVMtUt62YJslziYLM8y-mwwajsxvC9n1F2-GyNaBT0rSQ30l-WgvpGiUA==
2026-05-12 | Iuliia Nikitina,EUR,2026-05-12 | Iuliia Nikitina,788865|2026-05-12T11:05:47Z|INVOICE|2845868162|509,788865,"12/05/26, 13:05","12/05/26, 13:06",EUR,7.5,0,0,0,6.880734,0.619266,7.5,0,0,0,0,6.880734,7.5,0,0,1,,,Iuliia Nikitina,https://live.tebi.co/documents/receipts/op4P2Lyo0t56OYfNEaDzeIOGaDh_K9vSxri7XRdmLtH14S26lVeiaP-7txMVePZkq4qijOp9wPNG9SJSZoxK82v5wJQRzPBplzAx9qsQrnRFHMo-cYdJA0VEXTGxSqYTEesSmprg1sAZ_ikmJqnfq9id8XWJRxq95QgxtX9S_E0zI8gZVLP7oKGUsB145wf3Jr7k0rI8LDIz8G2h9xoQDuKscWZgI7F1nSRnbmJANMAcuyLvWs4rUcVhG_wzNXNJHUQs2yyVN8bRW6EzgGrSKKHg16K_6gCrtE_sa4gw37QrlQd1expQlzp1r1jHty31G_pgmMcb1_YHRZ130PlDJg==
2026-05-12 | Iuliia Nikitina,EUR,2026-05-12 | Iuliia Nikitina,788865|2026-05-12T11:06:25Z|INVOICE|2845868162|522,788865,"12/05/26, 13:06","12/05/26, 13:08",EUR,11.6,0,0,0,10.642202,0.957798,11.6,0,0,0,0,10.642202,11.6,0,0,2,,,Iuliia Nikitina,https://live.tebi.co/documents/receipts/NFwmzFNRvzIFbxh4yKRXAIrxvXAxpYjdmR1c-CsN1wNhfLW_3yvsO1NaT1KXLjQAUnpwkKIOC-kSbBs_yLp3kE_b-pnYirSkPClPw_9nF7ZwAxl27wAlKhFCQCt6p25cgVdNYmmKF8ELM_GiyAzdQiNUTJC-GIDclEAtrtumLWqTHlIUV8rqdSrNNk6eudc0NqnQLevrszIxCtOi96h_O8yFakQTH9IDl3EESgvz2U5hBAGziCetiBTnjPNuXMeNolZMQLFyvDNEtTx2iZco2XO9nmqQyn47r15nQa3kR_sXGCI9T4_4b2b4SCAoZ64dlIc1UJ7imiBLzAMS1-y2TQ==
2026-05-12 | Iuliia Nikitina,EUR,2026-05-12 | Iuliia Nikitina,788865|2026-05-12T11:08:20Z|INVOICE|2845868162|542,788865,"12/05/26, 13:08","12/05/26, 13:20",EUR,6.3,0,0,0,5.779817,0.520183,6.3,0,0,0,0,5.779817,6.3,0,0,1,,,Iuliia Nikitina,https://live.tebi.co/documents/receipts/nxSZzvIqBOiuIhRVRTrBN2_z_fV8XVxDOkJeKwbNSptyn_8a-rkYoiG0GQLi-FFduLLb20Ybu8PW-CKXasK5SN1KbEauWERBNDvKmUIuqSwVqZa9bRyeiTKKMfnklmESW61f0ZTS2A3xpxPxEy8Lgjmf4jfOVki6gat9zdKoOod_mpRymCP9Ep6GeF6CuF_bRmT2_IehQhreB22t2BEUCk__ORSyb5Kae_k841a0w6Jyb-dCXeQZnsZ9X80lmvVDYVWqRTypWyjzKZ3hvNYl1uZ4NokazAdlZ7d7TzfH_3wgfIaeYBYR7JYCKJOQOMDO0OWH_6HNMOGyx72R2boj4Q==
2026-05-12 | Iuliia Nikitina,EUR,2026-05-12 | Iuliia Nikitina,788865|2026-05-12T14:31:40Z|INVOICE|2845868162|2,788865,"12/05/26, 16:31","12/05/26, 16:33",EUR,42,0,0,0,38.53211,3.46789,42,0,0,0,0,38.53211,42,0,0,1,,,Iuliia Nikitina,https://live.tebi.co/documents/receipts/NGweGO9tnSlbucPe-zje30dY6JlwMwcYE8cbdB4Dfw_XcdKeTTFUvMMLXizfPvYIbu5pKCEt-_qgsBB7Xz6oYxpjvUS8r9_Ne8GEZzpBVSol3zX0eCIm0AyO-_vmgpdbzYyU52gP4GvCZRFgi43YtB6ut4m9hQAE4ZjlVYSDFy0W--fYSjQ6LusgOH0cYb5cxVURI9u5nwQJjCPsgPtgLuZDfTYnqk4AU1i4bR68KXgkY_6gc9XWLPa5C4UA2hcsSFR-Lmg9PnNsAng835SWVA8NCoony95lIHV3xY0Mfu0K1NX2Ai-oeG9NjE9kamfE1CqLKfRwn3Mbn5NUsETbQg==
2026-05-13 | Iuliia Nikitina,EUR,2026-05-13 | Iuliia Nikitina,788865|2026-05-13T09:23:20Z|INVOICE|2845868162|2,788865,"13/05/26, 11:23","13/05/26, 11:23",EUR,7.5,0,0,0,0,0,0,6.198347,1.301653,7.5,0,6.198347,7.5,0,0,1,,,Iuliia Nikitina,https://live.tebi.co/documents/receipts/AS9AXE-V9ZP-tKdW9uX-GVPvAfEOMIisO5s2zhWCe4uL2LM3Tdca8YEua5F95L0xYB0Fxp0D1_D2pPj3mSY3-EdFiDVqEbVlKp4nPswVxksgdavYL_F9ISKQ7pNZAKMluS9lupfNHKNOq1k-qztkrmc161lQBYUY14RdZuck3jjl7RK3FhpU3v3PLzc13e5POdU5t-2mS_574e-Z37G88lOHLYAJn-2v4rnQwt_99ihoXIlQgrtGjb6lJvpMgkLBCpCbSLtdqyLB1U8P-bAWILz8hG-kkOEk9fGQC82MhnnYuQF00d4bspKGKoZa4LDjI45RyPsVDb79FsmkjYb_rg==
2026-05-13 | Iuliia Nikitina,EUR,2026-05-13 | Iuliia Nikitina,788865|2026-05-13T16:00:09Z|INVOICE|2845868162|2,788865,"13/05/26, 18:00","13/05/26, 18:00",EUR,25,0,0,0,22.93578,2.06422,25,0,0,0,0,22.93578,25,0,0,2,,,Iuliia Nikitina,https://live.tebi.co/documents/receipts/KUevKgohM4gmrE6IU75g-NHpziHkkf0KjNAbWeromRe5U5tBHwqUyVJbcjkaicjeWO7ervQNys7Snbd2aToNeaQW94S4dTxvKnnzxxr1wdv2H8MapXZtU-LGuVTGcpSQEXvg2VAfYRKBD3i63s-EJkUr5AcrkZDbYaNYKxtyAlDwN3OhG4k_1xKia4d1dlIvYNm_lClCo_LniFZsomdhy0XAj3w4HIj_PEJoylYQgGUEfz-7VQiWh1kOim_Ml1xq_hu1QJHlxpio_szYEguASswUpIZIaeEkPYpWnY6FfYYIckKAuHIyabJUkxH6y2UiWxRZPlLZ2VebrU9nP1mqew==
2026-05-14 | Iuliia Nikitina,EUR,2026-05-14 | Iuliia Nikitina,788865|2026-05-14T09:07:55Z|INVOICE|2845868162|2,788865,"14/05/26, 11:07","14/05/26, 11:08",EUR,23,0,0,0,0,0,0,19.008264,3.991736,23,0,19.008264,23,0,0,1,,,Iuliia Nikitina,https://live.tebi.co/documents/receipts/oM_WHIOdLqRSXYJ3AYUZo9DW3-dE8scoi_QojHqYf8UWfxLgP2tkNpRvWnJlsLIbF0nQ7vUw6kfuxeZN2ZeyXBvZN_2B6OaennaqTOVxzPohi8PyMWhK3DWt982k94QOTHJzk31bIFmWzWw2AMvsW5V4O8wFcM8EmHs_bDCE4hovibitRQTYlxSibDocgJtcG7IcrfuaRta2mMxSfwJP6X268l3q67bWN5cBA0HSRReWW5I7hsY3oAQt3xrhHxsreOfj81WIK47ajokXy6pj1VwOyyQXZxvJgiIemXGTy-RGzOtSsi8ceQEZ1FHTFoyuKRE92LZz00suOHTsy1w-xg==
2026-05-14 | Iuliia Nikitina,EUR,2026-05-14 | Iuliia Nikitina,788865|2026-05-14T09:08:22Z|INVOICE|2845868162|16,788865,"14/05/26, 11:08","14/05/26, 13:50",EUR,43.99,0,0,0,35.779817,3.220183,39,4.123967,0.866033,4.99,0,39.903784,43.99,0,0,2,,,Iuliia Nikitina,https://live.tebi.co/documents/receipts/F5I6ewFNrrCuGBRb5xXokEztAczs9pF-gBn46h1q2sXgg44Rp2Q6yOBjc4Cw6M_so_nHBZVOwp8OFcYaeO6uuvpXBfEsc7LrX-3p-Z6lXjgXe0ODbZrSHgOdCCkkGBqcZbbCeCSaW13B5Kbknozx2ALxyz5q_ELFirpJmqC_989X-sBqybrAx6jPvxvJ6jdscvrtZeM67AoOEXApSmqal2l8eIddBwZ8LJaGnLEvfX3Y-tJf_mkozptlE7-Qzlck_h6680cYiH1YZTRZnDNFutXRSp3AR9eDD8g8uFObyYIwv_BCKkls0KGR7pa4J5mD_Xw8VNEiVutSgEdtqLzXKg==
2026-05-15 | Iuliia Nikitina,EUR,2026-05-15 | Iuliia Nikitina,788865|2026-05-15T08:31:49Z|INVOICE|2845868162|2,788865,"15/05/26, 10:31","15/05/26, 10:32",EUR,39,0,0,0,35.779816,3.220184,39,0,0,0,0,35.779816,39,0,0,2,,,Iuliia Nikitina,https://live.tebi.co/documents/receipts/RRzI2vwvavvWXxLDdpbQAWgCQC5PmzKyKrj_q-fMFfkWd4Lj14EKsoqc2iIRnksW97kIkVGcseTlanS9X1RArarkK4GPzR4VFsiU9EGI2aCPkmRdAycdgsmIl08biRI0jNZMj6g9TdZNIRhPZ8FBnTNLqbRZwY3kQL8L1K_cFOw8HbKbH3IF1DOxQsSsyJT3JEl1oYr29BUK288MWawuPsC-DAwsDkc1GbBp_ku6BIgH736nSNQ_WJBET3UX9zQTMHphiAj0QHF17UBqTHsI29Njd36PlmG1gcaCt_W-XH1iD4rB-vBTKCyonBmpX3V9WniMAyDMXqToDgq8ZGxKVg==
2026-05-15 | Iuliia Nikitina,EUR,2026-05-15 | Iuliia Nikitina,788865|2026-05-15T08:55:48Z|INVOICE|2845868162|2,788865,"15/05/26, 10:55","15/05/26, 10:56",EUR,25,0,0,0,22.93578,2.06422,25,0,0,0,0,22.93578,25,0,0,1,,,Iuliia Nikitina,https://live.tebi.co/documents/receipts/boot4TBpYZJwOCOCxQBM0FVYBK2gtzxrKk97LSfWdA4735YfItI42njcj7D0QtnurqkGXtd-2l10cLxJSS3JjcmWtDcivJFkZy7jz7icYTC3B1m5l94IB2fp74vVfVtcxsQuK5DA-LBgBzE5aY_rEhbud0PNnrvzZTN71AKVsObUyA2L8xIgKY2h2W_ubQnq-cagNSeNlJbIRaW99seL9CVwCpI0tBGE6SVCiaGrnTIRlHBWEqG6gPGuV0duHtAhf4zBNp4R9nE1IfRUXbH6VwEQ6svQOH56WnVwbr6fZyMxtudtsvLgGNMu4KcGte9BP07bertzsPNR4n9ftJBx2g==
2026-05-15 | Iuliia Nikitina,EUR,2026-05-15 | Iuliia Nikitina,788865|2026-05-15T08:56:01Z|INVOICE|2845868162|16,788865,"15/05/26, 10:56","15/05/26, 11:21",EUR,46.98,0,0,0,20.183486,1.816514,22,20.644628,4.335372,24.98,0,40.828114,46.98,0,0,6,,,Iuliia Nikitina,https://live.tebi.co/documents/receipts/hIAH1E59qUcZxB9Cq80K2-fn2lszhJmwzi8_3exoLIQ9hNIV50Zsn5VBN1TuKtQQ7MdoLbjDypRCbzoZWuRgqAqu2KocDozEoY2R7EghSCH_npnojvYIj7-Ac5ahTw_GiS3G1M4QjCfUU6eAqbrvCQWjajUEF28yXuidebQ42enGnCzawWeJCloCPsRfn1gqpCbtRdZiSvBjE1P6daH531ItXMpPZr1kv5xw0VmU-Dvvbh3DxEkCBU3IwHVtcGOC3_W3BaTDCXF0DIF5tEFCivDvoGUA0s-v14XyEZJ3cc6ad-bSbguq2vKI0w1KIvmlt29aVGeLFsUtb_DYBpZWJw==
2026-05-15 | Iuliia Nikitina,EUR,2026-05-15 | Iuliia Nikitina,788865|2026-05-15T10:20:49Z|INVOICE|2845868162|2,788865,"15/05/26, 12:20","15/05/26, 12:21",EUR,28,0,0,0,25.688073,2.311927,28,0,0,0,0,25.688073,28,0,0,1,,,Iuliia Nikitina,https://live.tebi.co/documents/receipts/fjPial66nMgdcWBjWbqRLQqKBNfmN3-jyhvXethEAc9ermgHS2W8M_5Oabgj1wPd0Objk8GytrCQxGNIjL7wCb0OctxIzDDC_qRtJJPctgUf-DmQGBPQS_8Tmhnpugm0y5zDcASUQC7eCgMIGrHWZM3RO25CvsTy7KBEbBkJQjTyDUUueodvPYEQoG1ROUSB5Rh0xL9ofNITbx9dpqu3SPoBr_IWz6oZWb8i6aLROUaTHameSOOyiinsS3nHNcJM5pzOdDtIjUXHASSf5fGAkkGVCz2QYdaFOfaHyV_qexRtuC7ynTFh4zIn55g5nZUOCBc55tWh4hxRIjYRc71Okw==
2026-05-15 | Iuliia Nikitina,EUR,2026-05-15 | Iuliia Nikitina,788865|2026-05-15T10:21:26Z|INVOICE|2845868162|16,788865,"15/05/26, 12:21","15/05/26, 13:27",EUR,98.49,0,0,0,19.266055,1.733945,21,64.041322,13.448678,77.49,0,83.307377,98.49,0,0,7,,,Iuliia Nikitina,https://live.tebi.co/documents/receipts/INQZ260p_f-_8buS7NW3CLtm4sQgumwGasVoG79z2ksI1CHh5Vu1Jv4QcqtTk0gUJgt8Mx2gaZqWbYiulaONm4UXTWWcFJjYPndh3Fz43bfMPL-LJgL6cCC8opNGoIOaJiAbc0pvlUPQR1Ka1bisXmD0HXvjzJ_iVHfGTQmoSa1W4-R_WVhCTLH9t3HRnDFheCFkHmUbPHj6qQMIrIZi6Ra_i8rS0DiScQzVzlXj2ZynSXClaDlDipgfRlgKEYWnEuEtR2mBx6sbP-XONhZA_SNUi7sWNWT4rCvb95ZGoYbusQHsz6V81a-MYTCa1GDrdDHHwFucLu1dOHY-Rw11kA==
2026-05-15 | Iuliia Nikitina,EUR,2026-05-15 | Iuliia Nikitina,788865|2026-05-15T11:27:51Z|INVOICE|2845868162|37,788865,"15/05/26, 13:27","15/05/26, 13:34",EUR,30,0,0,0,10.091743,0.908257,11,15.702479,3.297521,19,0,25.794222,30,0,0,2,,,Iuliia Nikitina,https://live.tebi.co/documents/receipts/dbQOJ59cKyJ-VVCyIPrv4Of7eddi7v7_zglEq4ySqbnfAja2jCnzyniKaltkw9pEhidzylrGQSIz0MVYykdeCmBeJ-mxx4UkcCtgJlD9-upzR7d-26Hp5TEYHDHsb8Ky6CFjhtU91sPuw0BGjzOJZ232GOI4Kad3yJvpNiWn6p9CtnNo_wtow4WzulbpzDfSeh50Z3jo_C_64dCXiQQpFhbAQlwtgr2zwKsBeBpifn9wuFcwZ4KA7WdoWGa5G4XdMXvxkysabTTibXdeV1TPASRhGYq4Qe2qd22ctLDz4nroRH2yASON4iixyOxi-vj9gAoa_OOKdBSyDgJ1f0l9UQ==
2026-05-15 | Iuliia Nikitina,EUR,2026-05-15 | Iuliia Nikitina,788865|2026-05-15T11:34:39Z|INVOICE|2845868162|63,788865,"15/05/26, 13:34","15/05/26, 13:42",EUR,104,0,0,0,95.412844,8.587156,104,0,0,0,0,95.412844,104,0,0,6,,,Iuliia Nikitina,https://live.tebi.co/documents/receipts/LlUYUIPv86UZalgNd9KSTVbeKGJvPByTPdXpL6I12AVjvp1InKVoFUkEVllZKxo-lDGyVWJxkJWMYcYwe7hB79VDmr0ZIpYAMVEEwKVjnsuuf_eWU-BVGj1DGJQw5vak8XDcRLdrZotO92C5A9WWfo9p0IxoqRz6NF6x052iaU9frex_TzEeBk7y8TMd3MWr80FY7SGBZ_aS5RipqHEXkUyqS7KpsZRdvMVAJezwG1WLTRFKG6ps8DjdO3aOh_2TbvYoo9WhzEqVUJ6FtgA-yVoQcxszkNz2EskS_orxhSzNMDL40veeEBAT-WxYA0VD20Wiz8RfVbbanLsKQ2tycQ==
2026-05-15 | Iuliia Nikitina,EUR,2026-05-15 | Iuliia Nikitina,788865|2026-05-15T11:42:47Z|INVOICE|2845868162|92,788865,"15/05/26, 13:42","15/05/26, 13:59",EUR,11,0,0,0,10.091743,0.908257,11,0,0,0,0,10.091743,11,0,0,1,,,Iuliia Nikitina,https://live.tebi.co/documents/receipts/dIe3mcLdxd021KJqXKiHKPtJ352yfWIl0ihwCNwU-9MP2lAynz5zvF03nnG7T1K_LYDp9FQHeRqSwqtKui6dWrUQI1UKESFzofuBy39Bu1iNiqE9ewupgztbWbLFQtAHhFnpyLOt390RcaicGumAEmEmd0a8R-MMZpRbcklLIryBYTNfua-O3v_aZGh5O9L_Cz-m_7wNyckfHVr8GsbXbLYsVWUSm52nhpUY9iYpEl-7K-BRBwZeVFq4T43AjW222PzTGFUFMdaj4-_UhqK0UE3xEeq9EudKdCqMv83FNbC6eKhuaqlcqjeHDl2XwtxbRUUO2Xac7KhLLJBOgnWKSg==
2026-05-15 | Iuliia Nikitina,EUR,2026-05-15 | Iuliia Nikitina,788865|2026-05-15T13:11:09Z|INVOICE|2845868162|2,788865,"15/05/26, 15:11","15/05/26, 15:12",EUR,23.05,0,0,0,21.146789,1.903211,23.05,0,0,0,0,21.146789,23.05,0,0,3,,,Iuliia Nikitina,https://live.tebi.co/documents/receipts/dHVt69_jWcV8puUrQQabhgwp_q34s0dMhXHHQpi-3p9vLM7uI0exJWT0umIWpEViwgpAVLMsLoH1RZq_oqE_qlWBhsEV_ck_MxE3gdQzEKBhiT6WLOICfu3-s1rdBwkpADPVKhpKPxHFmtoH6S3ecs2Qs1ggtwap9jbOGLVNZBcCgERhmfEVkAxJEOHP8OwUc3u80zl3yBIPSEQAnxw2gnLD2jEMDQgg3eqzbYpUFRnKs34MwaPNEWPjwfwHEyJaWSPCBaeNazo3jdY67RQDTFRl1xHhx-UvrGbUh4-sl764iNq7uqZqrkieGLt1qmqqTljTFy8JY1coDffiEAQI1w==
2026-05-15 | Iuliia Nikitina,EUR,2026-05-15 | Iuliia Nikitina,788865|2026-05-15T13:12:44Z|INVOICE|2845868162|26,788865,"15/05/26, 15:12","15/05/26, 15:17",EUR,11,0,0,0,10.091743,0.908257,11,0,0,0,0,10.091743,11,0,0,1,,,Iuliia Nikitina,https://live.tebi.co/documents/receipts/Olk1ahxMZUkMHBPkVoPQLPqSwCQ2wZ5j7wLVb5XYEGPY7eD06NQoKo0GF6F2YycVcEWUVVCpUAUe28CVe2gQaWZS5Ud9MyngqM6zTHTVhfZSffCjzgqDLFNqpBHZ90pd96_-8I519aDIppj26HTHkeXnQUZEWFR1-HpB2j4tKcd4MUE6xoB3OYXUkyXmKVSRWQ4fiPOH5yBwZvXDSnsZJL-4LfoF5H-xU7MPyKQG-GjKf2o_COUL5MKy2dLq5ZP84SRb-9CYVCzW0xYQuYMTXCQbIXrYQc6Nq48HayL5x_a_Roj8MS3qFmyzryfX7Meb0MDBSHIh_oLDdgZMrTwaMw==
2026-05-15 | Iuliia Nikitina,EUR,2026-05-15 | Iuliia Nikitina,788865|2026-05-15T15:45:42Z|INVOICE|2845868162|2,788865,"15/05/26, 17:45","15/05/26, 17:46",EUR,12,2.4,0,0,8.807339,0.792661,9.6,0,0,0,0,8.807339,9.6,0,0,1,,,Iuliia Nikitina,https://live.tebi.co/documents/receipts/NACI2ZaQh3b3R1jH4iXmjEejk8VCIg9qDjzDj3L7HA348Z5pJiHeXhD6u6VKkNiPnPZs2alLKQGJ0gExPdW0R1JlpcvoWta2hz8g6mF7R4peZFPuk_eHfUaolPIch-cUckbdzg4CIz-2TnqKjikmysP0G-Jz6g1UE3A4zYRCz-EOZDh00uqlFIS0YJ0aLZsh05sfQkkV0TQIbEuNjf__PSJxvk7AIi74CpuXqpao8deH4oOOmcmjmIjwM7TJ2Zq08DZ--1tUUCq8FuNYYwIj4BpudGqMRfRyl0r4b7_n6SH9CAr0OVc9fPe8jmyZ5KXaEX4ECOxsSZVFyVZBgpK0Nw==
2026-05-16 | Iuliia Nikitina,EUR,2026-05-16 | Iuliia Nikitina,788865|2026-05-15T15:46:13Z|INVOICE|2845868162|16,788865,"15/05/26, 17:46","16/05/26, 10:02",EUR,28,0,0,0,0,0,0,23.140496,4.859504,28,0,23.140496,28,0,0,1,,,Iuliia Nikitina,https://live.tebi.co/documents/receipts/IeZN0wVssR75jWhTarR8aosFlxqpgYpTuKTi_76p5nni9umiV7IJ88O8R2779S0UOq6-2W3RXmITY5OCrAicHJFyyrY9VkLyAOAtVMH9IS20thsB623YjdSPH9ToQk7ObKaitF5AxLsRryICOaGoX-QW9Mi5sBDUkDhAa-amn8427zcMMJK21M0mxKI6K8llsBnrCLFe8I-v1gbAeQ6mMvMl1_L07Nms1fstg_n2Vt8zpj5qdWWTsguFBViz2spgBfPex4OGIFAWw8w0rBGQKDRY25X1gfGUuUDceJoihD0O0SngjfmWikux6d_5RhVrEKNMGDxvWJ9w_PEKN_GWPA==
2026-05-16 | Iuliia Nikitina,EUR,2026-05-16 | Iuliia Nikitina,788865|2026-05-16T08:02:12Z|INVOICE|2845868162|32,788865,"16/05/26, 10:02","16/05/26, 11:08",EUR,4.5,0,0,0,4.12844,0.37156,4.5,0,0,0,0,4.12844,4.5,0,0,1,,,Iuliia Nikitina,https://live.tebi.co/documents/receipts/Bnarwsavka1j0AgNexww5ov9WcESBhfTBgIVG28JtdtSVVqIRRnkwZ4DTU-tRHV9EXWRdhkm0LGJuCg7dXi44uph41yCnbLjqvJfibHMNreyZZfiJAYxE4JUzQWa3xOkpHF5xpjgUnRiIRscKv3ABqDdRMXWV9vWEuJh3wGI0u5bC5POOOrmwB7lfaCw8jqOya04td48ryxS3JuNxe__Ujwmeti621HOkgJrh2ixlh3cEVFJolN7fs2sUWhvhJLKpPpZhzz035W9VADzzZRAQPS0Hkei3vhnNBzU1BsygmPAhSZTIaXiQu4jkslBtmu_rM4fA4KJlkMAT_VmMxWixQ==
2026-05-16 | Iuliia Nikitina,EUR,2026-05-16 | Iuliia Nikitina,788865|2026-05-16T12:45:07Z|INVOICE|2845868162|2,788865,"16/05/26, 14:45","16/05/26, 14:45",EUR,12.49,0,0,0,0,0,0,10.322314,2.167686,12.49,0,10.322314,12.49,0,0,2,,,Iuliia Nikitina,https://live.tebi.co/documents/receipts/WuHhH0aIU1xKt2iqdjhrMmJM1xUjWbYpX42lICB6IQ19ddmlQUnrEPzlllFBJILL_V6vkM_ftPr8-pQqPCU225U6wJKEqjyMMRcH09DDG1Y-Vm4gNlURxBE2_6wHxW3-7uGKtfa3TTnW9apBTFukuLeOaPiJ_1tIARsEFLMXD3KtpKt9Z062DwRxJzVlf72V5ZyCPqEzZEvvFrOaeXBUV2eGhLbybIY-tGCLo4gnwisu380kibQHK9p7CGdtQJz_tyQVkfNu4WESOgGhdv6_PcVGQre291533l_VDJZOpEXzx1dskz_qvQO-7gIUYmxUm8uLBAh_yKTDdjM5FD_KNw==
2026-05-16 | Iuliia Nikitina,EUR,2026-05-16 | Iuliia Nikitina,788865|2026-05-16T12:45:49Z|INVOICE|2845868162|17,788865,"16/05/26, 14:45","16/05/26, 14:58",EUR,18,0,0,0,16.513762,1.486238,18,0,0,0,0,16.513762,18,0,0,2,,,Iuliia Nikitina,https://live.tebi.co/documents/receipts/cAh08m6DO3kiuRcifP14TJX0WwRhR-60dyq5yMDgKjHWgBCQLaGnj-R3_UZipSk5LUbms1LwaeLa2WQTJeuHx75pQkvye7rF2vI66zZohDBR-kzUbHtWI26sCX11X_p52esCZg-_Db5fsV9S5I_LrF6Cs5xfO8iVnVdLqEybpm3XZ24GztcAzGGVJUHVlq8msqqWsE_LK9FgpUn1x4U_IbM8AWwnzp-NKr_L3Unw15u7ns6hUcQdRm0ETO0KkTkXDN_oKI2fypIdlzh5C353lX01C4iC5C8gkGNQzIlF90UZorYrHHl6xHTeF8-MBij3vNWkhYEfn9MLsjHBWwH0Vg==
2026-05-16 | Iuliia Nikitina,EUR,2026-05-16 | Iuliia Nikitina,788865|2026-05-16T13:16:47Z|INVOICE|2845868162|2,788865,"16/05/26, 15:16","16/05/26, 15:17",EUR,81,0,0,0,74.311926,6.688074,81,0,0,0,0,74.311926,81,0,0,4,,,Iuliia Nikitina,https://live.tebi.co/documents/receipts/BhbGVWOpxLE546yHr1mU5UY6p_NxPURRiVP14LHS2yi2WIAKNB8c2OgrQhsTf073WPWBlXSgYPCqjVW6rTllFkUuXuWUw3FxvRJZ64NcQo2Fk3g7IuCzFcWSWb76Olh5C3unNv5TEXwP8BSj8HRRTTGcUFshp_4ZPzvnLC4Yymglw28-UcI4aXIOF4NbFx0sPvB0Rww6bL_-lU7T3w7jY_NFF_8maDCBuSUZcIxx_ZcXkl7JskmFwkruBtA9okNykWp2edk0z1t4M4P7WOPgKQuADc7RWZgE-ttgzE6ubB9WsCNxYVgns696-hGOTWVMZ5Zf1en2_7SP3iKz001hXQ==
2026-05-16 | Iuliia Nikitina,EUR,2026-05-16 | Iuliia Nikitina,788865|2026-05-16T13:42:11Z|INVOICE|2845868162|2,788865,"16/05/26, 15:42","16/05/26, 15:42",EUR,42,0,0,0,38.53211,3.46789,42,0,0,0,0,38.53211,42,0,0,1,,,Iuliia Nikitina,https://live.tebi.co/documents/receipts/DAH23nE22xGpeglYqNMPpuTYa0T3uh9sZQMftdvCQK5XGNeexQkcmXBYklk7yVtTokVYdm_K5lsgIDnhbiOTPw8dSj1RCSwGyH1r6KNBCb9iAfuylnSqD2gjFZuq89E45Ax4ciwo8sjrUusIlP_q3nQKBG_65OrlnTnhyPlCd4kPrdPVF01cn7HGBoFqrfrUo27Rr8G9Vy4Nvsp6q4qw1LcQyNlG_5OUReq19-E1nDJ2UKH6r7HsBRi2VUrFX4l58mdU5CIkY7z64msQuf43icgZRTG7YeHA34EiwxVBZZLkyafXFMQ8g___g8QjXWnEtp1eAnqjELII882Vmxx56g==
2026-05-17 | Iuliia Nikitina,EUR,2026-05-17 | Iuliia Nikitina,788865|2026-05-17T09:00:27Z|INVOICE|2845868162|2,788865,"17/05/26, 11:00","17/05/26, 11:00",EUR,42,0,0,0,38.53211,3.46789,42,0,0,0,0,38.53211,42,0,0,1,,,Iuliia Nikitina,https://live.tebi.co/documents/receipts/FIBf640CwqK_i-JopxxZBgNeRWUtMvQmJbB3TNYCMeoVyPpDHKmRWmdQm1QfumUjBtOdoZKf67lv_PzF5CCuKbATudrnE761-U9RIOZWoZzUi6GSykAlrZTrqVtmbXaWymhakQ15zb3WIlHmGOMuU8RXiRbIYe-XJFjPFRoat6WN4o1KkHNjCF8h4nfNXFmZ3J6pUfWMbw8CfFrXmFtQtlQfCL8jVmw283znUghEw1ceQi_w5ggilK25lbAyvyNgQ3IwJ7aZgZSgNif6SCEkPL5D66rkix-ehGtfSk5DJD5IMKTC3GIhCwrf7SZWCbUXyr9F6UEJotGTDv-WpXf8Mw==
2026-05-17 | Iuliia Nikitina,EUR,2026-05-17 | Iuliia Nikitina,788865|2026-05-17T09:08:54Z|INVOICE|2845868162|2,788865,"17/05/26, 11:08","17/05/26, 11:09",EUR,42,0,0,0,38.53211,3.46789,42,0,0,0,0,38.53211,42,0,0,1,,,Iuliia Nikitina,https://live.tebi.co/documents/receipts/KDRTZ8IXXEKgb_Euxw-2_heskGKIOeGbv6ntbPIyoIXj9OTbPhQtS-Foh2QgORaizG2yoFw9XsOfHz3nbM8JBLNtA9q2zks8KC_6ehRGf2KMeiQLb822fUNDeut2GmeuC2ltUqs3_MsfCUlKF7UhfTPsHcJ8q7-GtgTtBWMK_3yqP3fIPF6TvhpU5OKgSuU2mGwoodYNF38a_6TxITN2rxzkqJWEdT2n24vFhjhKiMlCNPZm39nZhPJ5Naje2PVN2Xa0D0YDmxWVl2zn1oDHlL8tSOkTlAK8fGqeZzFIE0IN52n__pbpaiapk1fOwvEBRT65CjxHDQXGnz68bDhacA==
2026-05-17 | Iuliia Nikitina,EUR,2026-05-17 | Iuliia Nikitina,788865|2026-05-17T09:09:02Z|INVOICE|2845868162|15,788865,"17/05/26, 11:09","17/05/26, 13:37",EUR,232,0,0,0,212.844036,19.155964,232,0,0,0,0,212.844036,232,0,0,8,,,Iuliia Nikitina,https://live.tebi.co/documents/receipts/A6kQ3O93Cea7HrBhftvQ46GyofmGpIbtUJHXID8hk1f-maWXsWaCIPrqVznqhYE_5Ip_hScNrNrdlSt0TnCWC7Hm8C7OJRlR1ssyeYG6yMQg_114c9YgtCZUQqCr8JADKNbDFDEJr7luWmexHIiktahqCUaTKKIVvyIdw2GHL_zKCCxr5qOpLeJLOfbudN4vV6FtF1lDIYny1ANucNBRDfu-kvalVSDdDlUgxwIgt9WUfWS4CX8T9-iIjeqMLdco71wH42fVDwjSBsw5x0EInpfgabUG2JkSTh1Ku1RSQE5ulKfk7nPTsqXIyK7cojZOhF7qC83zooeTvQXIhW9TQg==
2026-05-17 | Iuliia Nikitina,EUR,2026-05-17 | Iuliia Nikitina,788865|2026-05-17T13:22:14Z|INVOICE|2845868162|2,788865,"17/05/26, 15:22","17/05/26, 15:22",EUR,42,0,0,0,38.53211,3.46789,42,0,0,0,0,38.53211,42,0,0,1,,,Iuliia Nikitina,https://live.tebi.co/documents/receipts/jSEjhwZsK1a5akltv50GsfNUQ2snt3ZKq_9T8UbC4Ri7zSGPG4OjgRwYw7jd0NSIrnreVVZhUPDDf_VUoB45sfINo75qYXIQEmSD7RsfqDJxWEkvTKmBSAi2aq5pb7-dhc6b9fPI1TQZ8VqvGSiFq-POvkOoQeOaq8Nbl4fsyD9dhOEjTbXaeyrrWu4PYEACFWxqOgTjeHjRpMu2i_1VdP5_jqDJbpauR3mWCQFqpFyms5X3BYzL1cIWFtdV4AWPA-f1SO91F8BOxx2obrKo13AhiQEqfiF9BQ0tu3ZyJ8vRDgTkP82oONKuJUoyUnaw0Lmq8OHE1wDqanIKU-QdBg==
2026-05-18 | Iuliia Nikitina,EUR,2026-05-18 | Iuliia Nikitina,788865|2026-05-18T08:46:45Z|INVOICE|2845868162|2,788865,"18/05/26, 10:46","18/05/26, 10:47",EUR,17,0,0,0,0,0,0,14.049587,2.950413,17,0,14.049587,17,0,0,1,,,Iuliia Nikitina,https://live.tebi.co/documents/receipts/fBjtnN6lwVqFdiO-gyeNZAJHBx9Us6Sv8gk4dReMzh_cey1e9jx1b0V4D3edHjQBBzb3KwXHNNR8g0glJjvcVr87rkvZTv6D-MeiG4ncBiAcoSbogSOIqyftwogRJ8enJFFUUntzS-eAcptvCwmvApElQZs0uR22t6I2IGdTPWYLeqC0XIPj2YOsCweIc6hn4aixsHWXyOf6GNsrgVNZCGI3eqSFnnxte8oBX89tfSF7JBN-KupEy5ZEWbZ71fv-tS1TMgDU4qbzeSk38XZ26N9Eh2VCS8E1KNOPk_I-pJCU7TCyftTByvuASb4WXUO8eZD5TMfN8x1NylJwYyQo0w==
2026-05-18 | Iuliia Nikitina,EUR,2026-05-18 | Iuliia Nikitina,788865|2026-05-18T08:47:04Z|INVOICE|2845868162|16,788865,"18/05/26, 10:47","18/05/26, 11:31",EUR,42,0,0,0,38.53211,3.46789,42,0,0,0,0,38.53211,42,0,0,1,,,Iuliia Nikitina,https://live.tebi.co/documents/receipts/I8ZEq7lCmVP4pijsmjz6OKEE0BYUfZs63uIQqNJAim86ZlpjefLAxd69fE-uK79xEe3UrHAjSfzEFEqtC23BL8hcZDqe9m3tmdrDDd3uQ83RYST7dWoG_-P-flJUZgpywdzdrqIieRnPq00YUF0R4bCi5vojV20xrgCd6CFbql5agq5aSx1bf4SeqwNzYceshaZOrDcVvq-zaTTxnVbVqAO5rr8OE4_Hadlb2oVaRfov7TgkzZLnAwSvXlHpH-kZulI6kJ00anBqkIR8RV7OQ48R0NEQIJWHi_SK_EYg2TISFYPTEhjXnSFYhXijvIOEZUCG9kGQYpBmdBnE8BtR5g==
2026-05-18 | Iuliia Nikitina,EUR,2026-05-18 | Iuliia Nikitina,788865|2026-05-18T09:31:13Z|INVOICE|2845868162|30,788865,"18/05/26, 11:31","18/05/26, 12:39",EUR,31,0,0,0,0,0,0,25.619835,5.380165,31,0,25.619835,31,0,0,1,,,Iuliia Nikitina,https://live.tebi.co/documents/receipts/EbqsrR7dqYUabPeShTdKHtX54ST8_E5BJM52Q6est5VLM5e8eScwjIW-gAQyRxTEvwmfFYG7ZvKzc11iUoDufiGRFplWA99Rouw_hbzNlUdOgGduoQ5bZiNdN7PURNEdsCl-AmY6rGe1m4WELd04nMmFM1ac_maDXxh0YNxa7O2xDZbv9j7Wy2Asi0eliBbvRCfYp8QiC2rxTh1me7XHRTVU9TTLA1FGYj7Cg_us58QdTSbbSnDQAowIYA6hzLRq99XEqCP72tJA9YZCh2aPCXCXqeT630oFz6OIIn0fvldppAFiBIET6jRYHaHxwf3tASVT6gU9nswUI-N5tE4ruA==
2026-05-18 | Iuliia Nikitina,EUR,2026-05-18 | Iuliia Nikitina,788865|2026-05-18T10:39:09Z|INVOICE|2845868162|45,788865,"18/05/26, 12:39","18/05/26, 13:00",EUR,11,0,0,0,10.091743,0.908257,11,0,0,0,0,10.091743,11,0,0,1,,,Iuliia Nikitina,https://live.tebi.co/documents/receipts/FxPzTr2mX3ZWMpLxFvf1f4PLTUyyLK3S3ch5ULmDq_tWw9Dv8fRJZnBrJPv0KqgQ5qhUx59J_BLRq4ZDI5vEYc7KYZJ8wI0fjrl4TcUZ8__6EFlV1PvUroworyaRx7waKKbzoAbIp6REp9VjINhYxYhwJq7ptC_Z0IsdMVC4ROLTpvjXw1sF8DKX5YCQyAnPPO_-y9Vz3fDFlqgr3PWaw30xQMuZQBNRDBJXXk4TaG-saNCxiKy9Ye1AYjpt20bN_xjvbjkWP7-W1e2mfKYpAZcrb3LABmj1qaBLWNjCGSpzA1k7yhP6xvDQg9UVNTA9QHjOZe7mUfAco10Hisn3kA==
2026-05-18 | Iuliia Nikitina,EUR,2026-05-18 | Iuliia Nikitina,788865|2026-05-18T11:00:46Z|INVOICE|2845868162|61,788865,"18/05/26, 13:00","18/05/26, 13:08",EUR,52,0,0,0,47.706422,4.293578,52,0,0,0,0,47.706422,52,0,0,5,,,Iuliia Nikitina,https://live.tebi.co/documents/receipts/BlrbUAVy7ENuRWAxZQKX7r2Mx9bDpWsWP2zoic8wrR7tbsZh87ufEhORx1_VFfuNyo97wXoRE_4c8egYtRANyYnb2k5Wo_HWf61xAMMQgSUmBGRiYyEe32COXr18xLN7GLwTdCx5pJKud08HaEIPuZBLBPK6yTb74f6eK36x1tF08ZmXzMJRhwmQYvtvcnJd4Tjc3JhDAAe56dw-I6D_ZIBTgaY140Xp2tVNC8QyFKqgD17azJ-QLjJ71pPPuLxuMzLMXpxNW_RZxjdYzFBFDxuu6m1wxp2dYlqPiKB3yNwxJfzTPMgj9qHeT2oHKQ8mcIdjZQx1YW6VGRvmHzpFig==
2026-05-18 | Iuliia Nikitina,EUR,2026-05-18 | Iuliia Nikitina,788865|2026-05-18T11:08:06Z|INVOICE|2845868162|80,788865,"18/05/26, 13:08","18/05/26, 13:15",EUR,42,0,0,0,38.53211,3.46789,42,0,0,0,0,38.53211,42,0,0,1,,,Iuliia Nikitina,https://live.tebi.co/documents/receipts/Q7cOnKptfx6cxDSX-qvXMO4rv4t_MrO7fDwbVMnuwS_JPfF2RE5HXKlfCnEXcj9KLueOz6jnbV7VrYGC8j5MuHQhg1Aj2kdC5jMx6ATLRT9BOr_v-qJWXDevtQSQnjU6VARn19xXVkYYUzoVycrPIrEddA2NUzBdoSkhmZSr_2JjC7qIF5UORVJsZlu-JUnQuHh1UIooDARkaNdoUDAfSVHb0V9WEsT04Yf2qsnzFviiBmHD01_E3whWxa9ThvGk57x_701OnCWFuYdF8Z8aWGVuPuuVESvLPG1KuKflqwLPoOhW0MBvzhGeiX0fmpJyFTVB64jQTZNS-RaRhNy5aw==
2026-05-18 | Iuliia Nikitina,EUR,2026-05-18 | Iuliia Nikitina,788865|2026-05-18T11:15:04Z|INVOICE|2845868162|95,788865,"18/05/26, 13:15","18/05/26, 13:37",EUR,9,0,0,0,8.256881,0.743119,9,0,0,0,0,8.256881,9,0,0,1,,,Iuliia Nikitina,https://live.tebi.co/documents/receipts/eAIcS1pit6HZRIKBqAEQIc7XUSZDFTPrnSfrhnkFtHWN45tGHO0iEmCWN-Cdc6iTKFRByOqaySWZTT5ju9-f19SCgSncNBp4H4uua5abSEkDbIxZgLTzxBSfMZxjVYt9qu6a71vw2mrjPUWJA4vW9W4dtfOjlGqlEkaHcXrEt9H__oJdNAP54lmQjwF3jMhwY3fhurDIzAGFZFZrT2iCw5pE5--eAh5465fL1G4sg4QrMaPHKaAIRJkLdMA_EwHxI6Tuzhl-taj8l5z5tXMi9sGplcBsxg1QJ0vK97_VL7GdyHv8zic58VOMih11unvnP8h-kUkV8cAnr3WTP1Bb7Q==
2026-05-18 | Iuliia Nikitina,EUR,2026-05-18 | Iuliia Nikitina,788865|2026-05-18T11:37:24Z|INVOICE|2845868162|110,788865,"18/05/26, 13:37","18/05/26, 14:38",EUR,114,0,0,0,104.587156,9.412844,114,0,0,0,0,104.587156,114,0,0,4,,,Iuliia Nikitina,https://live.tebi.co/documents/receipts/SO-NLapDNe9c04CS0K3IQloAhitOQO8Z7LBZrPVcRZB6bFWrKFo2pGlrjCX_rRHXY9OPfHZXhjxz5aXUAG30OGjd0QSI8TTEPszx6dyBSWKhuqgu7nvcyL7Eb3VgD-jn4LvqcCO0Vr_XTG_FzCeFXgFHWn4F7J5BM4Z6sMyDWhkaPmPrHH7N01T60wVfSdtAqR8b0S45DjO30s20c91fYhyCY9mw-OsYEIzMo6YZ_4dc3FxAEmlJ_Pk2uqGq2WBFHlN8RmzKt0PpXa1csZwhhLvcMiCPnsVXjPvGtYVmAcJS6IGU-a3kzj0EY7MH2HASKI1RK3fVtDkkNhkkFZ1Hjg==
2026-05-18 | Iuliia Nikitina,EUR,2026-05-18 | Iuliia Nikitina,788865|2026-05-18T12:38:34Z|INVOICE|2845868162|128,788865,"18/05/26, 14:38","18/05/26, 15:36",EUR,52,0,0,0,47.706422,4.293578,52,0,0,0,0,47.706422,52,0,0,5,,,Iuliia Nikitina,https://live.tebi.co/documents/receipts/T0MvVqhjtX9znuoM5DK43y926rC3_iYOCdFV3eaVSLnc0qRMFqZcR_yiBBjohat8inYIfk62MnlYIyuShbNApvwK-_e9x3_8-RnrZVQ-v6C4NpqvZvSGKxjufdYushmgoC-IDbVY55wuB8Xwp7rJdtBkLqmV315dx9bLhid1c0y1SwLYsiVZ2yNKyEutK-rxGHSxizPxX2-j-rVLfmnIpfKv9c4DpAaPlC4UCmF5tvESIincbV9Cux1TxAC7GxTBUVVSCv_aOJVwjIDRzZj0qqqaZdOsa03EtuIRr9KJ0oiI64SSce4Oc4E1gbeqDFXM0rEdBkE1VEbmIrgwTacskg==
2026-05-18 | Iuliia Nikitina,EUR,2026-05-18 | Iuliia Nikitina,788865|2026-05-18T13:36:04Z|INVOICE|2845868162|148,788865,"18/05/26, 15:36","18/05/26, 16:39",EUR,6.75,0,0,0,0,0,0,5.578512,1.171488,6.75,0,5.578512,6.75,0,0,1,,,Iuliia Nikitina,https://live.tebi.co/documents/receipts/KRoCEtOjrd_IoOREAbr21hF9sh8Sob9wJ5iw3W2ZQrki8AEl0LuMbpKktMXcsB2QNMPDVAfp9n9haH3ho4WAFilasNUphRAmdhropjydducQCW0mIW7HNxy0KnPs6nGYvA8-zsw5y2922XopT5XUt1tL4Iqh5gEn47F7YXFV-UJ7G0UiiN4wR_ms4wsmeuoFn5Sc9ovYY_d1l5kHGi98Xr4dJJBXQhaPFJYQa6E1RSwXr_WR_VvFwpEVu67ldfEDx6yOqPDLjpDzHAXGkVDt36BSNoUxcWccXRa_8EE4hqssBFToGRUA1dVF_GwcTAv9EPdKx0dm-LOBkG2IQUS_eQ==
2026-05-18 | Iuliia Nikitina,EUR,2026-05-18 | Iuliia Nikitina,788865|2026-05-18T14:39:38Z|INVOICE|2845868162|163,788865,"18/05/26, 16:39","18/05/26, 16:51",EUR,15,0,0,0,0,0,0,12.396694,2.603306,15,0,12.396694,15,0,0,2,,,Iuliia Nikitina,https://live.tebi.co/documents/receipts/WMF3_FtwKpdw1f8nQEiTwY1nj2mswnLiwOShAG-lneoMCRns_qckI8hY0u9BsABLTtGj9i2RsNyR_huwPUuvkd2P3G4b-l6eZRfy9YHA3Dlil2x5wtjE09JYUDDOqM_emPNamnbBQaLTbnuXNptI9k3ca5u0364J_FY2sjjoe16TnlyaehzYh4kym7TujxfbUfbSQkFeIV2uhYZZwVQIFUqUpQR3-gX0P5oy9SDd5o7Szc_pC9l27y0w1WGGuq-D85vXssWWij0SFzVDzwx8UYinCLTefR42K7tLtUr29x1JORDlfT_eKjyFtUZFJt8ulSQUSsU5HE6qT5TSqf3J3w==
2026-05-19 | Iuliia Nikitina,EUR,2026-05-19 | Iuliia Nikitina,788865|2026-05-19T08:07:41Z|INVOICE|2845868162|2,788865,"19/05/26, 10:07","19/05/26, 10:08",EUR,31,0,0,0,0,0,0,25.619835,5.380165,31,0,25.619835,31,0,0,1,,,Iuliia Nikitina,https://live.tebi.co/documents/receipts/AheZIsm5wWv726wLGArxvBEZUUEjevXPoOE7aYyTUqnHEY0rVy2RS_mZ9EEF2xVKJcA_ixymDHMt1OGRe2PsCIALo_tYPXU6ppCMarbdqJ0QhsBekVPN1m7f69ly-JagSxvRbFHeLqg7b9GUlngu9kT9tQNHFmMsv0PB-j6DqHm2nPEPuN16Nbl6JLh4FuioJ4HCreU7WUSkIeYa8se0NsMsjTClzkZvPgBUa1QYrqdIh9ep_X_T6fqV933mvaheZ_-K9HdiitHfZTrlcQ1CYYUSBkoggsSr_b_enQxIeM5I1BZc_OQr_3E6WFl486v8a9NTKLfbxDzFarCZJ48S7Q==
2026-05-19 | Iuliia Nikitina,EUR,2026-05-19 | Iuliia Nikitina,788865|2026-05-19T08:08:01Z|INVOICE|2845868162|16,788865,"19/05/26, 10:08","19/05/26, 10:51",EUR,42,0,0,0,38.53211,3.46789,42,0,0,0,0,38.53211,42,0,0,1,,,Iuliia Nikitina,https://live.tebi.co/documents/receipts/jQBD3FTa5dgiA3pY-IzeWK94dOWKuty2ZrS_dNTz7sLd-57VM_AfRpbkb9I-lnO6kuyveBfAJjDYjyKMKqkDhXfkfLRzOktvPM1gPhCschMLN084iurv0N-OyQf-cFD1Z6BdxuYeX9eIC8yPbff1HaGdITFiZANFei2Yps237GbricBp5Sg62f7J_QyhHhKCuIWomEKAG10ModOVZ9ryNYlsCDzmYIRnPn3xOmah0RdVGIE0bUYq_qA3ef3cqNXIp77zuBJA_NkXyMfESsO6X8l2GnsLqgkXmAC0KQona-YorTLx3f5a67aXT92GD3bN9ScDvP5mmw8kyG63Oq-nTQ==
2026-05-19 | Iuliia Nikitina,EUR,2026-05-19 | Iuliia Nikitina,788865|2026-05-19T09:25:07Z|INVOICE|2845868162|2,788865,"19/05/26, 11:25","19/05/26, 11:25",EUR,15,0,0,0,13.761468,1.238532,15,0,0,0,0,13.761468,15,0,0,1,,,Iuliia Nikitina,https://live.tebi.co/documents/receipts/arhtNyePw5k20sLHtJgCxp31bAt-tbuB8tUAYfj0o3-d_DAHCqKx-jQPSUlr_AL4XnZ9pTb7C_ITQqAveEJJgjNAlIYgVl1vpmtnZ880ErOUSlvHr4HPVvcnC9L6tJLqR4TS0yQQuEC-bSvbIYZ8wtV1d4KI4ld-kuCPZ6OLnfyE_-vrjiDXGSxL25_sWXXfBg0TFKlEV9tu8feoA_ksk9Ype8yexLN70uF3XHjYQgnk8NErIWrhAjNwzbXsx-l4opOoZPXUEYUftl1A9VeS4dPRwy6KZS6zg0K0FsdZzBUvGLWJCgbFREoOCgeepSFSTkOiPnOENtaXnyMcGlDhjA==
2026-05-19 | Iuliia Nikitina,EUR,2026-05-19 | Iuliia Nikitina,788865|2026-05-19T12:07:26Z|INVOICE|2845868162|2,788865,"19/05/26, 14:07","19/05/26, 14:08",EUR,12,0,0,0,11.009174,0.990826,12,0,0,0,0,11.009174,12,0,0,2,,,Iuliia Nikitina,https://live.tebi.co/documents/receipts/WbicAqHbWBkPiMx0zi6FyF7ICLXQ5xRq5oewCX_nAojz-T95yUXlIbB5rLU8LRx6GfCMoc3WRT0Z1RGsPsllIBmdZX5mOmZca98AQmteNlGBlDdPF204DBz4TtAfH9xD5H5CEmGF_iWYj7Entob_WC5r45GVfhZJmgoMKsNPCTm0X_MnbXFh4C8HpsUojIbRqDqaS7HMt3ihvcL7ssMl0Ht6SOUEmPYbNjs_JfcPOgZ8njVXr-_c0JWTjrnFa0eBUiiQX6hQeIlivk0ER1mLB8ZxqSvqPVKDBKHFJ45EF3rjy628giFntkTWvhMx9tcxSzuMSUJ1SdVT2R1fTkwHkA==
2026-05-19 | Iuliia Nikitina,EUR,2026-05-19 | Iuliia Nikitina,788865|2026-05-19T12:30:09Z|INVOICE|2845868162|25,788865,"19/05/26, 14:30","19/05/26, 14:30",EUR,34,0,0,0,0,0,0,28.099174,5.900826,34,0,28.099174,34,0,0,2,,,Iuliia Nikitina,https://live.tebi.co/documents/receipts/aev19bDxzgbLmBS4gXzBjmIorE9JwnO2iHvwgw7DelNU_GEFWhAAjRS9dlu6xjVnQKjQvjGy5hiRA4WN9RxBwkPoTVDUb4wk_iOKbIQUhDfJVZjhinMsfiTSoEYuELDcZRqY0TF-z-pERnespY8vx2Cm38_P7U9MAsckFo3Fl4bZFhAsD-hL_5ywHJtC7EQZmVNPKrguBG2BxjOC63eQ6RGCd8xVNBf2EPqMp9l06c9yBqabZVrnLKrGbBaA_0ET7__TfT-POogpKcvHkiFbVjnCsDIKAYgKEjsa-_x-HXO_U2YrCoxYCfGyWcPig8NepeufZA-7Tx1oirx1ZSzE5g==
2026-05-20 | Iuliia Nikitina,EUR,2026-05-20 | Iuliia Nikitina,788865|2026-05-20T14:07:51Z|INVOICE|2845868162|2,788865,"20/05/26, 16:07","20/05/26, 16:09",EUR,11.9,0,0,0,10.917431,0.982569,11.9,0,0,0,0,10.917431,11.9,0,0,2,,,Iuliia Nikitina,https://live.tebi.co/documents/receipts/I366P2eIBsBWbueOwOt3UnZGhVlvMiDXh8x4iwdTQtgptevX_UJKK7JNFg2ldhE7OGCZL9k9FEG2G81KNYIUV4Rnf-NEvC2PsxaLP_rBX7FWvdbZZk6DKRip1q6kax9JlUv-x41LY9wpJ-6CZpQoj-_f9S0_CMDO0GCUrtmsDQ3hSQ3RIqkA0XCNLbr6VwSomEJ1KP7Yzjo496FY4mcQfNJxygyf3qz-o2DXHFjR5TReWLXX-NeOnjykvWuoCuixQln1Ua7LT1S8d01x3W6rJgo38woDIGyw70mJtTWkstTjkJl5gZWz2gxWuWryqJsyEi5fJOiniH-G60A5IeqkNw==
2026-05-21 | Iuliia Nikitina,EUR,2026-05-21 | Iuliia Nikitina,788865|2026-05-21T10:03:05Z|INVOICE|2845868162|2,788865,"21/05/26, 12:03","21/05/26, 14:12",EUR,42,0,0,0,38.53211,3.46789,42,0,0,0,0,38.53211,42,0,0,1,,,Iuliia Nikitina,https://live.tebi.co/documents/receipts/gLkJUC8GIfk_3hH9MuwQvfioRPmhYoxsPbluBzOpKv2kFvYwimJXX-jdIPcnEO5P5gmzt9Y7CPj6NHjH5wArgR8EUbyMYoFqOkaHw81DsHgU438oCTT6FZ5mOhDRTg-hfw-wk7Qdgq-mX7L2TYHB1PZXuH0mTi3_pec1lTLCYA0qbTcejLql_Rfi8t4HOiOxzZKDlSe1yNlp17bz1dJoT431-i5bjLZMnmQf4kP8wKxDpukvIBXZDBbqXXPWrAohWvoo_GyUdxpWDklBb1dp3aLz8OGE__qcFhHh2EARzMLOt8Ljvl_GdGcRGMbSByLqne6PsQND-MLVSZVy9KzbJg==
2026-05-21 | Iuliia Nikitina,EUR,2026-05-21 | Iuliia Nikitina,788865|2026-05-21T12:12:03Z|INVOICE|2845868162|12,788865,"21/05/26, 14:12","21/05/26, 14:19",EUR,84,0,0,0,77.06422,6.93578,84,0,0,0,0,77.06422,84,0,0,2,,,Iuliia Nikitina,https://live.tebi.co/documents/receipts/J1W2VIlA5hlHWC6tZbR91MtjZC4dlhz2FWkHdj_lYz1H-qg40C6Dwppp-g9G7NvSzhSV4wlkaj3xlBrgchWFMJNL4kLV9p6x5w28HFvijRQfUCKfvMVFqiB2Fm8qgQ-tyx70HyclqLB8p9MVQP71wkYz4N5rhTqoPGjlfygwhOKfrNols0omGi5g7Tx5SO9qaWhnCTwTvYuCUtJdN0J8A7a5rUhORp6HQyD_Du3MT_H7ojBoX9rC-WKPERDJAzOUe6RY7w5kzLy-iEmxat45JJnqvwz2E35k9cQLy_rsZos8QHr4hbO_lRw0_P1IK7ZiULDa7372kQPk8hBx55Sy4A==
2026-05-21 | Iuliia Nikitina,EUR,2026-05-21 | Iuliia Nikitina,788865|2026-05-21T12:39:08Z|INVOICE|2845868162|47,788865,"21/05/26, 14:39","21/05/26, 14:39",EUR,16.5,0,0,0,8.256881,0.743119,9,6.198347,1.301653,7.5,0,14.455228,16.5,0,0,2,,,Iuliia Nikitina,https://live.tebi.co/documents/receipts/TlDRCi5m9IkV3ob2rUOcOkTtchQAGcnccdDRmd8FqraT3e0ePUyT8tEFqC3irOhWaDl_jiNRAa5BTb1yvhpJHzOMQDTreH1dUAkZt4_eGRZhNzxKzy5e4usfxN02mLl82yU8MxmAnr40QZ05KTJBPdLesYFYeRle1NhlhtFGEB4ImuU7MSFqrZsuyb6HHZbEEBnBY9Ukbf3lUd3akuQT0hAqK_-2ustJe2zToCzlNIqBjx9-tDMdE2UW9CqQR22bcraUMcnexLOoWs7QgdTO20gaSRa0slGOLAo4qMwTXJxou996EncRNSj-3DCi2rdpui3xCmcKFpAu9QmVnYJ3Bg==
2026-05-21 | Iuliia Nikitina,EUR,2026-05-21 | Iuliia Nikitina,788865|2026-05-21T12:39:41Z|INVOICE|2845868162|63,788865,"21/05/26, 14:39","21/05/26, 14:52",EUR,31,0,0,0,0,0,0,25.619835,5.380165,31,0,25.619835,31,0,0,1,,,Iuliia Nikitina,https://live.tebi.co/documents/receipts/AVc-HBDdt_SHKSKJRJcdt1R5qSidhL_-hbjTJ-quwyUYnsIsKrMe8U3FhU-VpCnDVn9sS7XztMJyaV4MsI1QD_id_7MRv-lfdCSU4OoCvFOMLHUCwilwJIvA8yutsjWH3rzQYsWGV0JH2Ba-eVVt3KSLHkWaxL7qAmZHJBwKP92ZFxvfBxWNIWJyry_FBOuLeGAGC11XXIfv63596VO3lHij4rbOFUC-HAops0VecEMR1kFGfYtuLIjqdwWyZQVZwt7uJ2knMY0Don0vL5zbFma7-bo7xSMKaU4rs3U632ABflgbV8yKdbzx29cXL9nfSASxMxSmb4g7ZC5vG5VjMw==
2026-05-21 | Iuliia Nikitina,EUR,2026-05-21 | Iuliia Nikitina,788865|2026-05-21T12:52:33Z|INVOICE|2845868162|78,788865,"21/05/26, 14:52","21/05/26, 16:46",EUR,7.5,0,0,0,0,0,0,6.198347,1.301653,7.5,0,6.198347,7.5,0,0,1,,,Iuliia Nikitina,https://live.tebi.co/documents/receipts/aCiboifxHLGmpdto4sKuMiKX4ALPS-flUsWEPtILJdX95pSB3NWeTFJl9mSBrgXt9ksQvg8c7zkWN-Cuy4CgUYGWWiFM2q1r3kFzj0pmn_04NXDWJ5gSxGkY3XAl-roGd_W3uT12Yf5i4hu7vPwl3CxFZIyJULcYR8qQlkW4t0T6o71P_2Ae1lAA8Ixdopa3uEIczY8qE94fiYO6hOtRvf4pad416LnmDY9bRXSuJQPhJkVuCVrNQEXtYNeFBDzaAjLbTCjoCqZHvoHK3sYBZMZA4k0ipilyaUYNsy9iH3CGR8IVUXPJCS8RF_aodmMmchCshCza47ib7LHvr79k0w==
2026-05-21 | Iuliia Nikitina,EUR,2026-05-21 | Iuliia Nikitina,788865|2026-05-21T15:17:55Z|INVOICE|2845868162|108,788865,"21/05/26, 17:17","21/05/26, 17:18",EUR,4.25,0,0,0,3.899083,0.350917,4.25,0,0,0,0,3.899083,4.25,0,0,1,,,Iuliia Nikitina,https://live.tebi.co/documents/receipts/YtBQkyLSzyZ3F5Rp_nhI5T6SD8okcPrJ5J_MuDcK-AChOix9twGfNnmkSsZqXfB8c79BErJboxR0PafzVzzSZWJUSK08bAH8IW-a_eLfH47R5IAkEjZNimBrdm0wzox3YCRnrmsm1fw2VoXiRy1vAQwldO4tTLc58RAlHr77CGbPmKI9iF1_hXCwrTEWdl-nJuyHV5r14Ydm0ZNLhKxlwvTsM8n6emZ19x7xwCD9NatoxhjsK6kUpW7WKVgh_e90GSNot1Kq9fNDFACDV_KXVPVVuOaGpj8i7OzSKiqYIvGdVZu4MmkBzTfCYl708c6GHBD1Y_nzVtVPNde52XuIVw==
2026-05-21 | Iuliia Nikitina,EUR,2026-05-21 | Iuliia Nikitina,788865|2026-05-21T14:46:28Z|INVOICE|2845868162|93,788865,"21/05/26, 16:46","21/05/26, 17:19",EUR,98.94,19.79,0,0,52.990824,4.769176,57.76,17.677687,3.712313,21.39,0,70.668511,79.15,0,0,14,,,Iuliia Nikitina,https://live.tebi.co/documents/receipts/lGtAmIPeHaMPPjPMP0Zrmmw7qmE5HcN-jTqFf5vGeMLz0WpZhYsMPBww5rS_1v7kIZb_k5R_MvxsxzyMErWa_VOxlSTiwxypWyRKj7Xx8ZZYGorGlfeawNd-6djfoR1Tjr5-lZlYsL0h2KZgaraJX6JYVpWqWJnVNDAXo1cL8e0RW5UfRmic7neSjHGbOZ2FeBhQHhh0xxp79bNMnm6PJkzRjEOeHVoFeytaS-OtO9yGI3guiaR-ragr4D0b3ngca7PjiuMTBPsNSdVC_2HwgATt_G2A1bo-s8Mfj-ebhxeyLOEtP51FDGJwammoH0FjHBYZH8oqYTOdg7n1hOQHIQ==
2026-05-22 | Iuliia Nikitina,EUR,2026-05-22 | Iuliia Nikitina,788865|2026-05-22T07:41:30Z|INVOICE|2845868162|2,788865,"22/05/26, 9:41","22/05/26, 9:42",EUR,84,0,0,0,77.06422,6.93578,84,0,0,0,0,77.06422,84,0,0,2,,,Iuliia Nikitina,https://live.tebi.co/documents/receipts/B3YipB3nzT9FxAIeAfgUW6exK9md2FwQwMbGJy8eVQ8yNZKDyMOwIlV0n1VDvIZnGIGhKqHRr3KntN-gkUtN36pn6qMQiOjg-62FIxTyOR-pc1UIluoFD4yMvmajEhGjI4HW6rFKCN7OZHpieaF_7Zuzd9wz_z8iilf5iQCCWYr89V6kYzOYk_YYQL3gutlk13veTrkhpNkzO4pD1JPZ1AYWcdpjc0oa7-oI2-IFqTMB6o0i58cS2gqUVyqnTQrqo3cWD-Xaqy3E94845oUoQjn08l8v39M43AOYBHiy-hIkWrvHedTDFIxSzUPtzePYo0uTcD-kucRu8SylWp3c-A==
2026-05-22 | Iuliia Nikitina,EUR,2026-05-22 | Iuliia Nikitina,788865|2026-05-22T07:42:19Z|INVOICE|2845868162|16,788865,"22/05/26, 9:42","22/05/26, 11:26",EUR,12.49,0,0,0,0,0,0,10.322314,2.167686,12.49,0,10.322314,12.49,0,0,2,,,Iuliia Nikitina,https://live.tebi.co/documents/receipts/ZPoRETNkkZOw920dzG24CIMKkdr_cCUOILkpC30liWCyH2jSTP1aB4ZyALSe9Rg7bDgeKWUcRxCOZDwO7Qc7zEQ2Rs-sHq5MDfwpBRXNtUTeXcrRCPO4iXsFrxh60h3af8b6jjiUl3r8s9yaPXxam7gRX4uZ1PJswYL-NZRmOp-EYsFjSEaYw0R5D759x7ouO7JpICer1es2cP41g8KURCWRk7EaZcA3fLOzjoEa0iC5g8IsULpD15gj9khTJMfBWPnA6BFJy-0dQJmPFTLHsHm-UqFnCvKHs1zwruwwkHYIA5vgro27ViYSon-MgjCDfUvMj7vpz-A0viGzUv2EJw==
2026-05-22 | Iuliia Nikitina,EUR,2026-05-22 | Iuliia Nikitina,788865|2026-05-22T09:26:47Z|INVOICE|2845868162|32,788865,"22/05/26, 11:26","22/05/26, 11:56",EUR,9.98,0,0,0,0,0,0,8.247934,1.732066,9.98,0,8.247934,9.98,0,0,2,,,Iuliia Nikitina,https://live.tebi.co/documents/receipts/m9rJ-TWgPcR-6cr4nbHyyMuIB-mGXB-GBDku3jFgTlKdrJO3f_hyMUR48KbmtVDq0UVgKkS1zKrZ5iLk-pZS6zbWbOw07PGKzqYq4aIx1ol31JKL20qz5xAwFIqnHZPDXo_4XWU2Vuya5pnV9W0gJ8uk3ZVGDqPMkHn6NBsdJnynOphAupmbIQARqxP8nEvtDldnb6cn0Tsc7AGaE7gMZl1TqBq2llnZnBo_zyTjzqW_8dZlaU4U7GW8O7eluoUatYF15FIb2-yN7uQxJdPdmbG_rsjJwz4dwQXD3vVHjwVSPkGMJpbZZeBaE85Oo4pTXfCOtfBK5Cve7YYvgHMfpg==
2026-05-22 | Iuliia Nikitina,EUR,2026-05-22 | Iuliia Nikitina,788865|2026-05-22T09:56:17Z|INVOICE|2845868162|49,788865,"22/05/26, 11:56","22/05/26, 12:27",EUR,15,0,0,0,13.761468,1.238532,15,0,0,0,0,13.761468,15,0,0,1,,,Iuliia Nikitina,https://live.tebi.co/documents/receipts/DoWzGfwMj-mnoci0OvaHozMcg_qU_D_Mz342ZoSD8MjJ_L87gwwS_LihyTgPlup5aNAvKyq0vCAFGq3l3UrQkILON-aRju5xTqAJeIAmJZ97bp_vp9qwLamxdcznnoU_QFEJe8NlW2J2-k0SQ6ZedHSV9u3SlF9AWR1MW8mBegZUT0A3f1veu06M_x5sUMhxVZjrfAVz74iyvyHY0fQW4H9GRcOeA9vIzju6XMFfVJTJs_i9lXgBgFI02_fWhy3SxThgzblOr6bZdsToolK_sRYnC2U7VPLVwLBOeJN-0cm0nyr-Mfe0pWaKMo78mqlESkMJR8uFXDlZFAcN5_jvnA==
2026-05-22 | Iuliia Nikitina,EUR,2026-05-22 | Iuliia Nikitina,788865|2026-05-22T13:10:43Z|INVOICE|2845868162|2,788865,"22/05/26, 15:10","22/05/26, 15:11",EUR,95,0,0,0,87.155963,7.844037,95,0,0,0,0,87.155963,95,0,0,3,,,Iuliia Nikitina,https://live.tebi.co/documents/receipts/AHYsog4tqpFTcQjZsLZBoDclxxYMC5i99V8ueo5KO448QH23CrQQY7u_WgOw2ErTkp4njujAuGoQYGAzNsaJfwd_pwKlZwGHaE7JlLgDKQtyihig_kh2HdGc5FOlW6mqO1vB2Y5Q4dlCu2y3NXRSOzgFOG2S74VQRtDRsdcsNpDxLvQi64QZ7RllcqUQLfr7gfCW_sPWEV1iYcYkSfFM24FW-3to_or2TZW9KJhsAi6_AVREYPM0UJxM2FzLzubotGOK3oHkdSmkcQQtJHws2PbBp-EljAwXQf51j-g5j1UKNuR1f-VDE1hotyCD-u7zWeA5zAirJp0KeWpYMHpzeQ==
2026-05-22 | Iuliia Nikitina,EUR,2026-05-22 | Iuliia Nikitina,788865|2026-05-22T13:11:29Z|INVOICE|2845868162|19,788865,"22/05/26, 15:11","22/05/26, 15:22",EUR,252,0,0,0,231.19266,20.80734,252,0,0,0,0,231.19266,252,0,0,6,,,Iuliia Nikitina,https://live.tebi.co/documents/receipts/YwJGtgvGu-5PGmEv2UkJzHUvRbP3OvO9HlIE7auuz0RPhIJVvTe15gINKuul7tUi-fFweajOxFBV_9rFejLOFCZ3kIDqwjcHAi4EyZzPz8amhVFRbOXAdDtCasQqkgJWvu5k4MkH0TnFcNpV46quDgTELPJkey-6BklfneeNI0EQlrDrg2hWOW7QlKy_VrisLyqFlQ28IhT2hVgPnANAwL0hisjhWsTffM9tSf8iIahVNLn06v-BFflVciL7kCTJKcFXoTPSOfZg3mocOxE-Ln56o0Fw05YPwsBmAdzQY-nfvqlCFmBrRd3_3rLrVJAcaq631FNkcJrCQAzH8I_SMQ==
2026-05-22 | Iuliia Nikitina,EUR,2026-05-22 | Iuliia Nikitina,788865|2026-05-22T13:22:03Z|INVOICE|2845868162|38,788865,"22/05/26, 15:22","22/05/26, 17:10",EUR,6.3,0,0,0,5.779817,0.520183,6.3,0,0,0,0,5.779817,6.3,0,0,1,,,Iuliia Nikitina,https://live.tebi.co/documents/receipts/SEf3H4hqqSXc9PlQ6vhK0wQSTlyBY40RCbkIWBhAKZWo4zfhOJKzVTM3QVCEKpSqgL1P5JQ-4HqAuzU36LLDoIOvuhFlVxjiPTxJTeBvtm_HzfOsPCfbbqE-SBgOUpcSfvChQ7k9_JlWfEUb4NSqhX7uGj0BPz8koqzWvbtjMSQsc8uG1VfHZr8EwDae_mkhZOCIfJxN4dH6ssGTInrRLukbFgei0gMVZ0dx6vz3b3IErwYuJOTOLjzbsRJTpyR9FjnMeC1gu-aIPFtMElhWO_hRfKclpnANxmWtxaS7b1MJvQOXbSALBmm7U0WNLWY2QjMFzgqvWl0f5SiYBtiMGw==
2026-05-23 | Iuliia Nikitina,EUR,2026-05-23 | Iuliia Nikitina,788865|2026-05-23T07:56:14Z|INVOICE|2845868162|70,788865,"23/05/26, 9:56","23/05/26, 9:56",EUR,19,0,0,0,17.431193,1.568807,19,0,0,0,0,17.431193,19,0,0,1,,,Iuliia Nikitina,https://live.tebi.co/documents/receipts/bltHmkV3BKTR7PeGjRaKOH_I3tjEOrMZ-rhv-tjuwJBRK-hbPBDGlOZHkHWaLziaTN5z-wewgd2YMkN3mh-TmJpa6a1d-qAR5JMqGyrm3UvIh0P5eA3l-Rb-fhslRe7JRrjPjoUnDq5VeXAqboYFiGaI4zMRD44Cqi_6VyVTV1fxAmkbvEPp699wpblq1B6-8gtb1NS0fGlRYNfZhxHR_QoeRvh86qwuudiCtJGosznDtsk3FneRE7wiez8F65VP9pEGYQUoXGGPuiCTNixDnsiHvSkllwFwsF2jUXYIdu2tDag5fZNzLYqORqeVpi29bUs4EwSUihjB0Hwo7WvicA==
2026-05-23 | Iuliia Nikitina,EUR,2026-05-23 | Iuliia Nikitina,788865|2026-05-23T07:56:25Z|INVOICE|2845868162|84,788865,"23/05/26, 9:56","23/05/26, 11:01",EUR,7.2,0,0,0,6.605505,0.594495,7.2,0,0,0,0,6.605505,7.2,0,0,1,,,Iuliia Nikitina,https://live.tebi.co/documents/receipts/LIeH0t95aXRoKAveZGsc4UwrXB2GnjzB24J8XNO7lKmFJktSlGycD1q3eUKQfnXGm7-FuIk8IPpy8oaPT07c202SmfSluyOtBCZBBrHVU-977XUaSMLozZoDSmD9RYywTnJnYmaqqJHvS8JRiLiVSbLme9XO9JuDKolggA6BBPwG-501Me4LwHCeMbiHRy1j0IJRvJgFAbqGAKl0u3Kl64Le-ICugNQ7c4ZajHd3mwirRm06Z6d_iI1C12MwDjCi8UyfJxth78e-pX78qVZfM6IMrZcn-3ecXyZHVwI4McOxUNgVxffrp6Y0bPA98FzU7z17dEr3ISBGRwHHMsNZPw==
2026-05-23 | Iuliia Nikitina,EUR,2026-05-23 | Iuliia Nikitina,788865|2026-05-23T09:00:59Z|INVOICE|2845868162|98,788865,"23/05/26, 11:00","23/05/26, 11:12",EUR,8.9,0,0,0,8.165138,0.734862,8.9,0,0,0,0,8.165138,8.9,0,0,2,,,Iuliia Nikitina,https://live.tebi.co/documents/receipts/aYIMqgRfzGCCuZVXVFzk8H7Gk_HZqqELtMymjsJGTknWKY8juOZUa1qQAb05wyVDN6tKZ9fptBCiwua8UFubun9ORrUoVtFJcyKtycnDht0xUW_aPEb_e4V3A9wZFNGtpFdjFCqCnCrQSPexu3pkXpYdhauHcwiUHltz0gCN_I3Yyc0C8clf4CBqzMdnmZcGhcmH7J6e6RoArJWcoaZCDyulEuS0EtYKMKeUroNWjUMpMmBjqX8DNcc4X5LMwt4vClJvfq1PCybGNQq9lXruJR9qX2pZHFXr4N6lIEQYeu1KOh0VFyyJ-G6_Y5Uc0cHNADinb-Zqyy20_zq11mtMGw==
2026-05-23 | Iuliia Nikitina,EUR,2026-05-23 | Iuliia Nikitina,788865|2026-05-23T09:12:44Z|INVOICE|2845868162|118,788865,"23/05/26, 11:12","23/05/26, 11:40",EUR,109,0,0,0,57.798165,5.201835,63,38.016529,7.983471,46,0,95.814694,109,0,0,6,,,Iuliia Nikitina,https://live.tebi.co/documents/receipts/TInwybOPTuF9Q1debKMgb1w9y19wOzKhZBk93XeIPpkXW33WNr24q8ZQtVH4_xanvqx8lp6xxkJAijG25kbcyT61hlSBGjBW4rfhp2BR5l9vGqYvYjbNIQlKHMvS3RuOMTg2SrKvKMBzDng0ZiLnXw6Aouq8xc55t1k406Htru2f74zyUNKLgyRzY75Jz0qXy43o67r7JjH4dYSBuRqEADpiGII2qnp9SyVTXXwr146NUHm2Iv5esIuN4Nr1y0r-Q7FhE56ztiRdarZ1muF7V5439ISnuvDMBufrv9Dr4Ir0-sk-Kqq4u_Ds2gv1RkOAlWQQBmey7JdyDnX38-584Q==
2026-05-23 | Iuliia Nikitina,EUR,2026-05-23 | Iuliia Nikitina,788865|2026-05-23T09:40:58Z|INVOICE|2845868162|138,788865,"23/05/26, 11:40","23/05/26, 11:58",EUR,27,0,0,0,0,0,0,22.31405,4.68595,27,0,22.31405,27,0,0,1,,,Iuliia Nikitina,https://live.tebi.co/documents/receipts/NxCmVsfsHok5-J6KH7UHAau3fubfEFDRRT2MOOFnwM3cG2NiH30BWSS4fXV7IEOoJaMCbko56BrIxYuSUeBuITriMZeb-fQngwVWCOS76onTXGnPItugR3WQgMTJ1k2t4eKpH0In6_SJexyf5_tIxCas8ub5yg6Iew6-O1Xx_MbL7eW8vgpXWQ7TLqBOkNhUCeKuPk-LmS81ad1cNlWd0mkg4ttUwMNczztm5ZQpM3_zrIfdOrOePOyqzpO-KrRM7BTgWbGxA7Ap7ZGSv1aXyx9fKXLJ9-9sRkISiuMX2Mtozzq54Zx7dGU74HyXYVHenQ4nxvFuX_fWeA9JRfxGyQ==
2026-05-23 | Iuliia Nikitina,EUR,2026-05-23 | Iuliia Nikitina,788865|2026-05-23T11:03:08Z|INVOICE|2845868162|2,788865,"23/05/26, 13:03","23/05/26, 13:03",EUR,12,0,0,0,11.009174,0.990826,12,0,0,0,0,11.009174,12,0,0,1,,,Iuliia Nikitina,https://live.tebi.co/documents/receipts/WAXmTJ7lUpdOAoiwQdhk1TQTjNdZskINzwk0lhPcgpcjaocWT0vqwkS9wNYXUpUNw_-JuA1CMS_X6xM1hNnBvo1h-n3VcrojKeN0a2DomtmfZNan6H2jcQEjYlz19gRp2wM-4pQ_P6vbODeZQmQQ0k4WknDRXJU_lUGRpiSliBwp9FPWPa6M0eytRi7f74QqDIAZEAfWO2Y89cdUgM5aXYwmoE_hg2S9UyqvywmedIOsDoQE5J-fd8aCUMA0aZKAA7_dCKBE3TOoB-s3iWkTOYwB_CGYn8D7GyF67OWhbTVa6S67arEP2jxgL1fZEj54QIpjBP3QJH94mnffY1m9vQ==
2026-05-23 | Iuliia Nikitina,EUR,2026-05-23 | Iuliia Nikitina,788865|2026-05-23T11:43:01Z|INVOICE|2845868162|2,788865,"23/05/26, 13:43","23/05/26, 13:43",EUR,42,0,0,0,38.53211,3.46789,42,0,0,0,0,38.53211,42,0,0,1,,,Iuliia Nikitina,https://live.tebi.co/documents/receipts/dOfEIN7JQvYREu_ncch8Jq5_9xLCYwWwcpav1weC5rAXE6hz7ZuMG1Ow_nZFAP-c3hDQUSQWgiiodzKj4h1Bms5vRvYLFEVBRa8gAI4WkgvkN9249unN7FzR-Ni9fGhKhJPwi54YPGu0_vPnNN_u_kjXE-2SRvCcPfpWGe5_3z_0JC8W2S2yUCQxz2-Ly0YDRXdTmotKc_isc8ryQa4Q9qZc7Wd_GWJP1If0DxVHIjiWbeDEkCAT039df3_bzFPVhgtJdfISqpFV0CGbl0YA23KgA6N44nRMrJF3XrySRjfvOcbPPh5QgEG_VpQPqracnRQ4gHm4ftzmxTk5zF-axA==
2026-05-23 | Iuliia Nikitina,EUR,2026-05-23 | Iuliia Nikitina,788865|2026-05-23T11:43:20Z|INVOICE|2845868162|15,788865,"23/05/26, 13:43","23/05/26, 13:58",EUR,63,0,0,0,57.798165,5.201835,63,0,0,0,0,57.798165,63,0,0,3,,,Iuliia Nikitina,https://live.tebi.co/documents/receipts/KkpQuYW9l4OvAbEk-t4W7sNOLHCxMlExzYGwsKKtVhOX2KVCdMouKLZFldW7kHeduuYuLXfsbo9-iioeBD9G-uxdMkuITStXw7qlAOn5jjTPdPWt3-g6UHlmY4e2EMS_txEdqZMalH3Pe1OJzjOjZiff6UPWe4Y7zrhD4fdZdilPLZfcK8ptlr6zlWPBw6ljv2kzksuJWvIH0_nQU64dOiJQ81mC1N0WzcNIzZHTKMKfxO7MiXK8vkrT_KmRqqNvdJaw8g8IkpHLXjYqY8TykNRQossPtQEBw12XK_tpBuAxMB6R9PqXOvJcXlgO4YGbB-zDKfSYPO4iiMBFMppVRQ==
2026-05-23 | Iuliia Nikitina,EUR,2026-05-23 | Iuliia Nikitina,788865|2026-05-23T11:58:01Z|INVOICE|2845868162|32,788865,"23/05/26, 13:58","23/05/26, 14:30",EUR,9,0,0,0,8.256881,0.743119,9,0,0,0,0,8.256881,9,0,0,1,,,Iuliia Nikitina,https://live.tebi.co/documents/receipts/og8vTtz5NODADAPWNSFlt3XDg5IILdmvn8ZPkPSj8FJPy-EUAFitTeerQiEbXO7olqt4y9CaI0IPF5cfF4sCdd7imUbr5G1emaXr-wZ_GYSPT9ZPSK8OdQ2E5AaWwVkF0Gnq2FUcwMbfCFDjLkMmtbWoqYC1rBsP0TfrA9ThNEQ3lsVXsgpVZUTeycQMRboY8S9if9Jt5iEyYD8eri-E8D-IqreuBajI6FgZcB5-lftSkPddcbxjc2pwA-oIGlmzOYhYx9PcNWfYz30oxy-d8xv6kpiiidmZmAeD1YZpfzIbswExasjzMNR3ypTNbGgDCN2dkaauZ5xTjcPi0aUFXg==
2026-05-23 | Iuliia Nikitina,EUR,2026-05-23 | Iuliia Nikitina,788865|2026-05-23T12:30:54Z|INVOICE|2845868162|47,788865,"23/05/26, 14:30","23/05/26, 15:19",EUR,25.95,0,0,0,0,0,0,21.446281,4.503719,25.95,0,21.446281,25.95,0,0,1,,,Iuliia Nikitina,https://live.tebi.co/documents/receipts/AQNbrG6c7IjY6DLommciZNsXvrcZa8EZu26ByFCentUnjaI0onk790QjGPJfPIfbWYZgjN7OxH_i5JJnOZtZl3PQktMeKiNPYZ7zap-tK_JYmles98ZDK53BaQ9-B4Fy5nP5LNZG-RTtHDfD4H_B0TMu0ZirpvrPD1HOrSYYoMkeieQACxVFFrKZmJvG6ZqClHr_c0DmwRYIzH5fmVr15LW2IgZuuyQpVSoS7aNhe8J_CdIF8QYvjOjVbj0y4bJGuD11pp2tMw1cngxM6j7zeVHLaaqSXrYLNC6sNc0xYzbv6JkCC8F8-KfATktDR9wUPEhoFTAbfyvH62PxuVa6Xg==
2026-05-23 | Iuliia Nikitina,EUR,2026-05-23 | Iuliia Nikitina,788865|2026-05-23T13:19:14Z|INVOICE|2845868162|80,788865,"23/05/26, 15:19","23/05/26, 15:28",EUR,42,0,0,0,38.53211,3.46789,42,0,0,0,0,38.53211,42,0,0,1,,,Iuliia Nikitina,https://live.tebi.co/documents/receipts/fOs7pbnwRySjcYGsyGN6LARUTrIJBJCU4MilcE8EGy-Kbm6C1vqmrdR_y9EnXxYAIvy3F2gyVrNEIQBJFthJCmbSlomhfznjHkEYCIPkIpymJJ83v1mJYLgBvYzkOBayYLoW2atBmu6sjsGZpuUn_Q1usU9BMq0hDZyXKDYp2ZmLwZKUNT6ZtB1SAv0RL7d-8axMnw-BbTEm9hcyDGR45QDxJmt5u9r566r8O-PlGtRvjwbLTjpK2rBd1ffaNvYluofhpxNYB2xQS8FcS665q-H3AQy53_nWt3PWStdjvZdqEEnTcw5Jv8J6Yjwwyw-Jn0yPrl9FN1kS1B4rrDHclg==
2026-05-23 | Iuliia Nikitina,EUR,2026-05-23 | Iuliia Nikitina,788865|2026-05-23T13:28:24Z|INVOICE|2845868162|94,788865,"23/05/26, 15:28","23/05/26, 15:35",EUR,15,0,0,0,0,0,0,12.396694,2.603306,15,0,12.396694,15,0,0,2,,,Iuliia Nikitina,https://live.tebi.co/documents/receipts/NloydPv_SEqB6wyeWNcfqV2ErFH7FstUdhVUqI8Uk6ArNKKVhH5i78v0-dyDRqv9L9euj_J8gqjdG_oCImK1TVc-84lbmheAkhFPX4ljDPAYLTEY6bRCw4BSJbhutQlf-kAdZcWVowrpZKj24jOCogBp94pOcXUszofuJEZFjYt_SMIjEWdF8ku6SWgxHprdD7RiRrzCrsM1-sVJ-J7lSmOzED1yP_6irnzf-CpNqtpE9JawdciKcDPab9IHNAy9pfoozQUpWqApJbL5rex2hnmiLw7dSSAWBQEiZBTZG03HtFcoBfgFxH9M0vCND7ltfwX2uGgxbjb8c_tGudfRhw==
2026-05-23 | Iuliia Nikitina,EUR,2026-05-23 | Iuliia Nikitina,788865|2026-05-23T13:35:25Z|INVOICE|2845868162|110,788865,"23/05/26, 15:35","23/05/26, 15:57",EUR,14.4,0,0,0,13.211009,1.188991,14.4,0,0,0,0,13.211009,14.4,0,0,2,,,Iuliia Nikitina,https://live.tebi.co/documents/receipts/Q8ULnjMe8A6xdWZy3kXqC2WcqIkWgLTqXGF52iOJsmRpZ7DnlJHuaksLp2FlaMNXwiahnY7-Cfjqu3T9-OQRH9a6NY96SFWRlrp3lIUoZnTiqHRoJLu7J0-H7rSpO4Lscfm_WVUq1fZRW0E9h0R0yGPdXIXv0FV29_TJvAY3vMyezadGnMYLB4Uu469ZQRL2hIA_ItO_3DrmJl6IwRPgdHUtQKH6hpJNjhYLllkCgSWrH9wCqN6a1pyLSnH8aVOId90C2kEitEzpizAXMhHUE02z4QQ2wYYy_6SWNXjK3CCVsoVNuGhJcWPjDBwPsxddsnlB63s0012GOvYNXhjv3A==
2026-05-23 | Iuliia Nikitina,EUR,2026-05-23 | Iuliia Nikitina,788865|2026-05-23T14:02:29Z|INVOICE|2845868162|2,788865,"23/05/26, 16:02","23/05/26, 16:02",EUR,28,0,0,0,25.688074,2.311926,28,0,0,0,0,25.688074,28,0,0,2,,,Iuliia Nikitina,https://live.tebi.co/documents/receipts/ipxO6AN-oefXPLZmyHvJxK_-cMEcji90YiAoG0Dt238kkZ59XKr0Jt_yMDkUJNqilI7pxTp6Rqo1TMRUoxuZ0Jl3aQ7tCzkCiquBsBAkMXtAWByNV7AeBINPDnTPRR3BEZzjWpXq3CAhlf-ArJLaE8JblkQH2YIQQuaawm0PUgR1bHqNDNMuVOFejpTfE5_05i4MdibP8dKcblr48h8jUQcOuJ7wtwoSgyOZ3cn6x-lcxo9yU3lhQADsqWIm6_deuHGJzH5w37yIFKRG7lMSWQd6afC8YhItzMUWBh0YuiQNpZbBLNmCN_ljwJDrL6QCjiX_LUwJnA0nGgDMOuLLLg==
2026-05-23 | Iuliia Nikitina,EUR,2026-05-23 | Iuliia Nikitina,788865|2026-05-23T14:02:43Z|INVOICE|2845868162|17,788865,"23/05/26, 16:02","23/05/26, 16:14",EUR,27,0,0,0,0,0,0,22.31405,4.68595,27,0,22.31405,27,0,0,1,,,Iuliia Nikitina,https://live.tebi.co/documents/receipts/Q5fWaYqOwOFi8Rqnar2TNm6Wy1C4dGoRcYgui-rZPEPVhh3p_Jg6YE1UpEMnP5yWuxtnMfajLVrXmbzGQP_ym6r7bEUooM2KXUAYrsz-rzUxLRkjgLuNwp52K04Y6mzyuLYIj1G9814O0Kqem8NCOVB3leC6Bb9wWwhsE23eQlr79iMn4RO5hgXfmI2vFJSz6WpxYdSf7aZziGBAcpcWTvvyI6cHMtxWf63dy3p0ExLfRdrqLJdjoqCZdtTDep9xzIP4kI9giL3Oa-woDt1zw6Gl8y1avpx4QPlBgRotEiz4XeWD7z4lxM0F3VLaqUw1aKNzr57-ZbenrtkzS47zqw==
2026-05-23 | Iuliia Nikitina,EUR,2026-05-23 | Iuliia Nikitina,788865|2026-05-23T14:14:13Z|INVOICE|2845868162|32,788865,"23/05/26, 16:14","23/05/26, 17:09",EUR,28,0,0,0,0,0,0,23.140496,4.859504,28,0,23.140496,28,0,0,1,,,Iuliia Nikitina,https://live.tebi.co/documents/receipts/TIYv2pk86TO7prtaO6UUihIN_IA1UuSMhMff4c4Bd89Ny2PPMAM60fRuz_CPHsGJUMuJ_MSc-9UPoz2sJaaWu3TRDyxe1ZXkiHSZXn3G7Xe7beD9-0vBxa9E-Izh6d1pIdBsxq9iMW1RXvH7XY_BjxIllybcx2nMtdu3Av2BH19BUvSQy3V4vBfC0o93rMTDXpf9-sr7nMoF9bHS01aGRof4BxLO__q1bpbqZcUL0B_-YuxQd6IOaVth-Ntzw768lvMNxrKGujUwq67lNiJ_BqN-k2HzvlcWMAVqW65eLWZeeSCN0-1H3-UVePhPGvd9acvfbEZ-Dtdk46WDpSYnkg==
2026-05-24 | Iuliia Nikitina,EUR,2026-05-24 | Iuliia Nikitina,788865|2026-05-24T07:39:56Z|INVOICE|2845868162|2,788865,"24/05/26, 9:39","24/05/26, 9:40",EUR,30.5,0,0,0,0,0,0,25.206611,5.293389,30.5,0,25.206611,30.5,0,0,2,,,Iuliia Nikitina,https://live.tebi.co/documents/receipts/WoqJvOHAf1SHhY6fIJfEnISmysXR_RX8gbE7THxwTM9zbKb0S4Oed3dgLaWbtqpQDDhfu-iIReIElsAnVjQk8qc_E7lZKnoIkuVQBrdjdXmWm8XYpNFu8hxqS57x51KUnd_KCi8cmybNABuR_FlV9lDEWyuSPqIm4dY8BBRaw3rA4ga25_ESXqs7mmswmxHlHLZu0o-W97R8B9vLC3QdKcN5ooMpm_cT4gHv1Kc8uzwrIK4gtS4ibNHHKmUMVi70fpdJULekagSUDEYeyk5OHXSQuLN-k0T7-0dNoVGxqOR2ZBgHqYDyYasK34RBozbpQzOLTPB_GeQieuKvfhxBLw==
2026-05-24 | Iuliia Nikitina,EUR,2026-05-24 | Iuliia Nikitina,788865|2026-05-24T07:46:50Z|INVOICE|2845868162|19,788865,"24/05/26, 9:46","24/05/26, 9:47",EUR,28.5,5.7,0,0,20.91743,1.88257,22.8,0,0,0,0,20.91743,22.8,0,0,3,,,Iuliia Nikitina,https://live.tebi.co/documents/receipts/KQwoq2aTPOoLIfH_n6WBvFC8iPbCpI9TZ4L6nP2Zen9j51n_G0gW_0rcVxZY29YSEvs1-_lHbkOO4UiQkDJAfgOQiWG4ieEQWl9S6_E25o0RHVSyHIk3h3TkmHl_DlihYLqrX76ZPjRveIzyTdlL1RDAoyFQjc6BTCaRJo4En8coU14nIukkqOu556_Jp2HGhKxHqH1NNP9PUKWJKr8y-Wqkn66Dp14jo9LQV2gBA_hh2aPah0vkyDKRxUEycYm1Vg3l2vqY1Dj1BTXAQicl4IWMqHzhCyNn7TbzpgvhK7iKMMPrHfAlMkQzLb2GyLUC-KmFCph6a7HXsIQC7Zmr2Q==
2026-05-24 | Iuliia Nikitina,EUR,2026-05-24 | Iuliia Nikitina,788865|2026-05-24T07:47:49Z|INVOICE|2845868162|35,788865,"24/05/26, 9:47","24/05/26, 11:42",EUR,126,0,0,0,115.59633,10.40367,126,0,0,0,0,115.59633,126,0,0,3,,,Iuliia Nikitina,https://live.tebi.co/documents/receipts/d8U76oEhOgAVKWl6CiFESd1MnGQ4cX9GZGDfWvZ08h8XWC_LHMC1QdcjunlTF-XVtP93fOHOmQ7TBbKUW7rgf5A87BxOmOLvkRameSzS6ntW-ptiI7gqELriXgRC-lHJRu_ENrh8IEMbsNJhPEp8mgyVwAB7ULxDFTeOefUVkPyXP29-cZy_UGbJl7NCNRinecWK9ct2cW3GkptvGTtxFgtmJO267FyBNdzKcu2Fn04I_2JjJIHgBOLXbq3vgKqCknkPy-8xjNOPYt55Vx_geDsNUBwWhfbOCSZQU7fS0af4CNq5XE3iRW7FnDr3HPLuIvrmBONfViFQoYiGAU0WNQ==
2026-05-24 | Iuliia Nikitina,EUR,2026-05-24 | Iuliia Nikitina,788865|2026-05-24T09:42:20Z|INVOICE|2845868162|51,788865,"24/05/26, 11:42","24/05/26, 12:24",EUR,9,0,0,0,8.256881,0.743119,9,0,0,0,0,8.256881,9,0,0,1,,,Iuliia Nikitina,https://live.tebi.co/documents/receipts/cTLN1brv6kUNbVhkSXW_qQSPwiOe91HoR87VYNlGj8sd8CsYxuIFMkqHUcW3rgnO9NnO3qnMT0CKLumG-mGR7crEF5GrkeXrTfQW7vAV-MC0Sltv_nyjG598vwi74zFOXiKIoQyQ2JODNrQGeYs7WPUe9IvWs_aC4hpWXofHhJHfIigRya2aLXGIPFFerku0PPNzgwq9U0kcQ5YHUWXgqNKhCQUdSKM713SWpk3JhRg1P7Wotk7fHU94CCR1WfjJOcVcaxDWtMLFqll5-6QtLGqDh0GwHJW4N5Je9FKRUCJHgmIoliVl_hbLxWvmZXFLgEcSIAcYGmet_TZvz0ouYQ==
2026-05-24 | Iuliia Nikitina,EUR,2026-05-24 | Iuliia Nikitina,788865|2026-05-24T10:24:30Z|INVOICE|2845868162|66,788865,"24/05/26, 12:24","24/05/26, 12:25",EUR,42,0,0,0,38.53211,3.46789,42,0,0,0,0,38.53211,42,0,0,1,,,Iuliia Nikitina,https://live.tebi.co/documents/receipts/CP2KF0vMS6h8Gav1GSC0SEW5Jf0gI5OLUh82iV8-yVEvQ7HWkgkLn1TGHjKDQcTAndbcq5sykOhlgk_f7-ngVpxKVRhNCJpmVsmiqUuR5YX1MfH7ge98Mgmzt--Xy-q2DqwQlFuUgyXOuuNJ3fWPbKC1l-SRAFTQJfLOUlcLXtRIAsXOUN7rfucyQntAq-oWZXH8vCwOSCiBFEkFs_1IvxPWc3HW5jMIaipx3MxPv_-CKhEdoJa66J3i22EwdGjhIibQhH8HFZCDEYWbdjid9B0FNJmVUhnIUAQBY6D5gkvUvR_AJh4Crj_RKPHj4ehi1nezwqK_5GH3nMSDF_aGVg==
2026-05-24 | Iuliia Nikitina,EUR,2026-05-24 | Iuliia Nikitina,788865|2026-05-24T10:25:24Z|INVOICE|2845868162|80,788865,"24/05/26, 12:25","24/05/26, 13:39",EUR,27,0,0,0,0,0,0,22.31405,4.68595,27,0,22.31405,27,0,0,1,,,Iuliia Nikitina,https://live.tebi.co/documents/receipts/esvRjTr32M0zxfDggIjz7qnwqZACgZ1au7S0LKb3grDg-jUu2IWwHl0FOgGlzjvJA0vtfDCEy0sQwTp9AxeGLiXyztoCuOLiOHtdr2EMPWjsUqPMoZWFvKIr-GmlrEjeieogmc8AyhzAJKrsdCyqVEQk0FnQPne1sAwkUorSMVkLcg2io3BDHPE_i4Qcb96gv5DfHX_zwPx336sWIhZS3iu7p1AtI6jRXEYeiqocsAuOVzdu6FULhkcRb3hKXSxCtor1ONLUeD_VbfkbiNrhqRIMjmQJiLTJPuuZ4nqYF9pP6aViXNDh1Ll-nlAutifi__9zXyb_Lx5GuJfh8YXErw==
2026-05-24 | Iuliia Nikitina,EUR,2026-05-24 | Iuliia Nikitina,788865|2026-05-24T11:39:19Z|INVOICE|2845868162|95,788865,"24/05/26, 13:39","24/05/26, 13:40",EUR,9.98,0,0,0,0,0,0,8.247934,1.732066,9.98,0,8.247934,9.98,0,0,2,,,Iuliia Nikitina,https://live.tebi.co/documents/receipts/kD63G8tHM8fkom9amom6H7A-ju4_QRf-Tlf7UFho_cbuON7QdnvQrFbPY8h5Ra_EwI63kH3UpfKAvmCRBX5yOGTD3XNH8PXc5sc-nrT49BOl-FnQ_W6KohYYq4VqS1kxTkP4ByqyJAYTYPeIlJE7cRj45VJvFbpuNjNdEErFYIrWNaDxFcjpX4jgErd7rN05AvxiKtBshVbZz8gTy5XOeTb1PNoUB_r5MUJwDr60l5RFzIgqVGZcEoZgqtiiKuQPe6g2beKfPqvWFkGqQ7ZL66m1D1VS7MN1D_3OuQfgydBmX12zveKkzdAeNx7DmdWL-5knpYZPMXLdQ3to-kAQvQ==
2026-05-24 | Iuliia Nikitina,EUR,2026-05-24 | Iuliia Nikitina,788865|2026-05-24T11:40:09Z|INVOICE|2845868162|111,788865,"24/05/26, 13:40","24/05/26, 14:49",EUR,4.99,0,0,0,0,0,0,4.123967,0.866033,4.99,0,4.123967,4.99,0,0,1,,,Iuliia Nikitina,https://live.tebi.co/documents/receipts/DGozIJCv3hvAyikSv0gFvGlQFGeBLxu5s2VCMZ3erCFLE_cC7t4TOelRYQp8rAyI_NHy1NV_z-9VLjSryIKgf10Ff1LUvEXFYlpB9iBMiKVNDrc3gsh4efAV_IhQcpleytsjKblRmuMN0JlML464nkq-Rn2-JlerFBRsKiYmb7d72eiE-rlDzSu00ePpssvfmHGTS3-Rpl2pUnDLSJU9R0Vem-lrA6hHgWqhmKrTToEdx2fcRCOvizBUmmLf4NVzm9JBKjZNHQkqzqWWlS3y84Lw6_n5oE_ImxN7P5j1h3ZopLfdXZFL9u-5x-YEkixsPEkCI85PPAopqoJnYU1nqw==
2026-05-24 | Iuliia Nikitina,EUR,2026-05-24 | Iuliia Nikitina,788865|2026-05-24T13:32:25Z|INVOICE|2845868162|2,788865,"24/05/26, 15:32","24/05/26, 15:32",EUR,23,0,0,0,0,0,0,19.008264,3.991736,23,0,19.008264,23,0,0,1,,,Iuliia Nikitina,https://live.tebi.co/documents/receipts/e80D7gMTBkMfdkva7ocDImeuL640iKQZ58tTNcaM0Sw5Qbr0sVPoImdabHgLSQ77EimTukxVulWa39wt3OhgQgLmjkRGe-Pf7qEi7o0c5UbKZRoIoJLq_RLcbNOqNZKfBUwodAzcGIzlFNdgZ9_cTr5ump0PYG-Z_e8YUOuyPuOhUxWp0SlLVZEhrPJABOrYIQJbXXRPVzM4H8xr-_Sb4f8OqVSNRBBnCfdDYR7-FnpCn7j-9Bthxcmpd1GFQjn2O-cG6D70dOnd_wa1nYtYT5YPvDpGVQxt4Y00Obw3A915tRSvi28hG8FNsJBYLzE3fxu3MzTOXNJDMcv8p-obCw==
2026-05-24 | Iuliia Nikitina,EUR,2026-05-24 | Iuliia Nikitina,788865|2026-05-24T13:32:43Z|INVOICE|2845868162|16,788865,"24/05/26, 15:32","24/05/26, 15:33",EUR,31,0,0,0,0,0,0,25.619835,5.380165,31,0,25.619835,31,0,0,1,,,Iuliia Nikitina,https://live.tebi.co/documents/receipts/R6GUOqv80arOY0bfqVOzltTjzK11nKRuHQggExmSnQJ2B2ZFNa61pW5aJfgPZYnKtaZHaGEOdE4aM7h2vArWIuREKu4_kuqrW33MlxRe52zukG3HzMeD9tMQ8mFfSl91BZEls8nJ_shVmrSYdDPmv3GsayuEHPpqLQgp4CdSnjKV405zB-6QMx5FrrhknOxuldddJcjK0QHdMKoEyzBGMcjxBCKd0Hn6EsG5saRyMzh5PrRbPZAw7H8gXBV1b-XnCRNLiXQTVvQgYli-IKAznpOi7cW5Wtw_xZwh0YXO4t0R_51IJ9cEX9NHK-mXc-rcGdfcvtzjpd-zBDYNzwMmww==
2026-05-24 | Iuliia Nikitina,EUR,2026-05-24 | Iuliia Nikitina,788865|2026-05-24T13:32:58Z|INVOICE|2845868162|30,788865,"24/05/26, 15:32","24/05/26, 16:07",EUR,54,0,0,0,0,0,0,44.628099,9.371901,54,0,44.628099,54,0,0,2,,,Iuliia Nikitina,https://live.tebi.co/documents/receipts/HxatgB4ZTfvoFhcyDUfG6zXsqFYZzZijCbgk5K9DkFmQaB5ZfkiAARQU76eJJqZ83PoXbDo7KV51qy6vJJCRmDHZayRXaavenha6pYdAapoOAnms4VtmJsL_NRm3snGprv7DBC2-9owESSLybFhrNn-9s5-BEkyvKwL9oyvZPWd7gMW_mIftTdEkaFuMsI8W6yrYJGXwuA15hPebxsw80QZN4Ga9adwjUrfsJNdJ7alkwaiYZ9ayx6iMbrULbbka0YLishrt3VolZEcoHAsLhzmynBn5N3ijG_FrhUS6a_RseH4z09SJfrrj1JSBlugl8GEiDt0-wQ1gzx40a-XA2g==
2026-05-24 | Iuliia Nikitina,EUR,2026-05-24 | Iuliia Nikitina,788865|2026-05-24T14:07:57Z|INVOICE|2845868162|46,788865,"24/05/26, 16:07","24/05/26, 16:54",EUR,84,0,0,0,77.06422,6.93578,84,0,0,0,0,77.06422,84,0,0,2,,,Iuliia Nikitina,https://live.tebi.co/documents/receipts/gwvB-OSCToytbtAtl5EuNmhRg5LH_V_OGgxjnE6pFs9AQPlWVrTAgXJa5uWIWNZTTsOxy9oGvR1PFNEJFMP5bFriozFNW0ynEdVK1awBwUQcPqaQnnTe7J9X50WegL0v7QG8lA8eoZy_UWjeu_G8lOz5jUP7SLQIUKHKZ1pb2UENnNP_XyaQ7ta0A5WrCOT3bnv3RbPBc_BXb05rrs4gvUoOwyu8lCXDGlmtXL9faNhrKc4jZKITMcS3CLQ7OQz5XuYfHHE3TfkYa3Mfmaaj_0_DX8196tRl8p6t-45S-YaY8l87ShTNlgjZWt6EpIDvsXVuWSbfvXojcVD1Pa2V9g==
2026-05-24 | Iuliia Nikitina,EUR,2026-05-24 | Iuliia Nikitina,788865|2026-05-24T14:54:05Z|INVOICE|2845868162|61,788865,"24/05/26, 16:54","24/05/26, 17:45",EUR,23,0,0,0,0,0,0,19.008264,3.991736,23,0,19.008264,23,0,0,1,,,Iuliia Nikitina,https://live.tebi.co/documents/receipts/flngtTgajLst9KNFONzYknEhkD55uJnjTzQCwXtptU0Tm-7H5WOkiSGPStwxG7O_iXjYNttbsL0TLAycZQYXwo7YJTDU2QG1b_jHULV5Pbm2S-9OFuMJF43w7cS3QvwQKswSzX2xJKcmvVidgfmLVMGioyGxhviWrfjHle2HiExLQyad7X2kp-pi6agU9H4LKeKxheA2lmP1BPOLqi9wMuWzIpLlgwK240cwsaDz9m5eLfp5OZsQU5HX5yIV7YHHrXXGIT2LGv9qbQNKKtuVevq2yYc4RvJbiOI1gX_RdM11YcIkBKL_6m1QkoDKwC9AOxQp1Y1IUmwEheS7rt70Ng==
2026-05-25 | Iuliia Nikitina,EUR,2026-05-25 | Iuliia Nikitina,788865|2026-05-25T09:03:21Z|INVOICE|2845868162|2,788865,"25/05/26, 11:03","25/05/26, 11:03",EUR,7.5,0,0,0,0,0,0,6.198347,1.301653,7.5,0,6.198347,7.5,0,0,1,,,Iuliia Nikitina,https://live.tebi.co/documents/receipts/YMcQmI3Gt58itIDCCRpcwMqMhT6gZ27VfGeN0GLeiD6h6W_4AXG2KNpDzhNCEiWLUbytq5K1svu2g2HUGTzhEWoFhZfdfLHuG75QfxiBJGJJnnMJqMWqPWIUy9PUKjEUzbd00__yHFyArzfCn7jPhvNZuLo5yF02fgSjTr9c4id9kmJRTu2JHHkvjQTUkdbEXGTydtdtYdO_JwfkY0k_FMbs60VRRfen_zLbdUqVKJ1xSkpSH52d3pOJWxgTL2JDfcAq5R0lkaQJ6QSzzGesXwgG49durTJ1BG3nx4FQGPy49Y9sbb3nYVTwdPWRoO2L-eqBz65p16MDbM6UlnlLYw==
2026-05-25 | Iuliia Nikitina,EUR,2026-05-25 | Iuliia Nikitina,788865|2026-05-25T09:51:01Z|INVOICE|2845868162|2,788865,"25/05/26, 11:51","25/05/26, 11:51",EUR,42,0,0,0,38.53211,3.46789,42,0,0,0,0,38.53211,42,0,0,1,,,Iuliia Nikitina,https://live.tebi.co/documents/receipts/Bg5AlmfgEY6-QwSk2NXKrlaKf84RrAFZB6MM4kbJlld0UNuyx-YC__7axafiEkg2hRiNFO4TUXy_cCWH3TrDG6jg6SJwGDiNMLMIctHbcBwTVSbqExGK5GWWhJemjj22XTuHlSmHxZM59QyuX4f1qgAiMciHioSSOC2nKoOsyZWyArQ73fQbfc4ZJvk65WOMd24Zjep2YuP3OGk5yOVJmplZLR8t4SLViyKEOgVtmJL0olpS69TeBIWNCiq_kAGaxE3B9HQzIHFsscHOA4_E3P1WJzC6tNsngDiJmoza5jbwornTB1pNkONNQpveMOUpXRWxO5pCllScSf4EcOd66A==
2026-05-25 | Iuliia Nikitina,EUR,2026-05-25 | Iuliia Nikitina,788865|2026-05-25T09:51:41Z|INVOICE|2845868162|15,788865,"25/05/26, 11:51","25/05/26, 12:08",EUR,148,0,0,0,111.926606,10.073394,122,21.487603,4.512397,26,0,133.414209,148,0,0,5,,,Iuliia Nikitina,https://live.tebi.co/documents/receipts/k5DD2fRJLfvU6o-5MaMGhddT2ffKgKD4tnu5YjQ-loS-XL7Kwwl_DqZjOaU1cxB5FMnO3yBrKcEHmv0Wq7KbmANSwE1Uwq3UuOjeT_gigJbunl-VmA6a34SOVE-HlIgXDPQQciGFWgxw7IwDO4WTI25ALOAFWNifJrimFVL_PYMh3by6w5aq6AZ_T_5MkX2kkGNEUeB1NXnWqYG-AlYNBNFARYMegqRyyUgq3GKjp-Fe5phU7B7wdxeL21qIF-82bWij3ffGWNIEipk6OMVvGd0XCiTmksdWUooTOCWBmC4QUJp8mGXmcgxPX1oIPKNWyNY4MWV_EMg5vRjm2kpHBw==
2026-05-25 | Iuliia Nikitina,EUR,2026-05-25 | Iuliia Nikitina,788865|2026-05-25T10:08:26Z|INVOICE|2845868162|34,788865,"25/05/26, 12:08","25/05/26, 12:18",EUR,65,0,0,0,0,0,0,53.719008,11.280992,65,0,53.719008,65,0,0,3,,,Iuliia Nikitina,https://live.tebi.co/documents/receipts/V1ZOWCEfXMEF1bupfs6WNjFNn5K8BhAPHURXoGjI31dc0YwNIO68bfhrlBVX5TEDz0xL1QH1guwjORFkY1xMYLwwS_MfiYP3IMLMzfkjopOg-ALTCcXB2C29aFwgI9kh9z_26T_Ud7QdD5PKADRAvYvta-E4WZfTwM7OGmHNL9SdDFqfpIEZNgG5RRawUivjqhhVj2lwn6OrdcgEYQ_2c7x0KMYoxIB4VVDa4Q03bVY0Qac6QlWME80mfYAMR45G-D_EWr_2D5dSR0LhrOfpwen-5cXDfRujImH2YHNxJsAOT6WciTb1s5iQEwUWlur38IvBmsNge2heIMfIWc_DjA==
2026-05-25 | Iuliia Nikitina,EUR,2026-05-25 | Iuliia Nikitina,788865|2026-05-25T11:15:18Z|INVOICE|2845868162|2,788865,"25/05/26, 13:15","25/05/26, 13:15",EUR,42,0,0,0,38.53211,3.46789,42,0,0,0,0,38.53211,42,0,0,1,,,Iuliia Nikitina,https://live.tebi.co/documents/receipts/fJFy8zfm8ooULS3AwbzyTtfI5JlkR99QjYY7cWvNb6uflOXyoqNEgq7Wk-ovufb084OBx0YWFgXn5NCJFrfDS2D_rtL8nkgFNWAPoMcdG4itVOaGQwWnjFGYeJuF9OdIrkoZ-9-mjP1MoegNGGiYVOQoPDb6B1w-ohbN7mR0l2BpggOY4XGj1WczDUs9h5XwzHdYS7G31tz5K2Qsgc8tf7NievxC_KkLBnzdOWy6HdSffr1KfRxvRgjqnV82TueeisiJMFA-t3Wv8eKV9AN97evFOkSmIeJ79qOx1QA6PCesb6KEnics_J6AWk6rVXlyZ8PbUCUIwZze5FQ45xBANg==
2026-05-25 | Iuliia Nikitina,EUR,2026-05-25 | Iuliia Nikitina,788865|2026-05-25T12:16:36Z|INVOICE|2845868162|3,788865,"25/05/26, 14:16","25/05/26, 14:18",EUR,72.5,0,0,0,66.513762,5.986238,72.5,0,0,0,0,66.513762,72.5,0,0,7,,,Iuliia Nikitina,https://live.tebi.co/documents/receipts/hXkSlQvEK-DyXs7i8OMb3M2eJRpLCKmo3NcDnnVE5FpVYea2xFDOWZBIpQjIaQacgn8lvj2f7UZpnUqamzpts1P5akguLvsMjDd5yqBrVHvweW0fXcl82j5ObaMeB3LqfgulD6p7k6r1siFf69Y-VSEIx45XbRmE_2bMwzBAMYGmKjIGt66WOE5LyrKqanuH620zls4qi8maIprwmr7oMWHJ0IokmFdwxpuCe9tnAtRVb3gb5hk5BVc-b8W1PQpeVNW0cZlsTl7169BkluziShdAe6MG5HBfapbygKLtSYDZ5tbWTT2Emj0uGz0GP9t1RGXm2H7aVkDFzIew_G9erg==
2026-05-25 | Iuliia Nikitina,EUR,2026-05-25 | Iuliia Nikitina,788865|2026-05-25T13:17:45Z|INVOICE|2845868162|2,788865,"25/05/26, 15:17","25/05/26, 15:18",EUR,7.5,0,0,0,0,0,0,6.198347,1.301653,7.5,0,6.198347,7.5,0,0,1,,,Iuliia Nikitina,https://live.tebi.co/documents/receipts/H1sOg0IGDFmaBqIe3hGTMb9ipIU9wUU0rBP4QrR_fAWx5zS_GlZv_B67yJk3vBa5HJg6y6n0o3MNjOEh5gqBi8H9Ws7JkM0VqtC8Ak6rSlBfA-2NCsvoUI9cPaMGEdUd6h-3aSpOnbSbJYoKgAw5r5xA3NYiXwE34pmzWz3cgohtmF0GD85frqE9xNQo6aSnLIJGzDmhS6Nt7XNRXPZ5j9XxL5X9-uPRl2RdNq6Q5gNuavUn7qtBjtAIk7nFaO5jI865gEOmgx9QXl9fQy8IuMnVCyP1Dvmlf79U-6G8PvrmztzRldkAE51CHajKFiE060CQ-rP5Uv1Dw8w_U4JrHw==
2026-05-26 | Iuliia Nikitina,EUR,2026-05-26 | Iuliia Nikitina,788865|2026-05-26T11:59:31Z|INVOICE|2845868162|2,788865,"26/05/26, 13:59","26/05/26, 13:59",EUR,9,0,0,0,8.256881,0.743119,9,0,0,0,0,8.256881,9,0,0,1,,,Iuliia Nikitina,https://live.tebi.co/documents/receipts/ZhaboYy2ytnNFT4m58sYF0seK8cKba0O61_J5X_qQGTBJCKIpsDIifc57IDWnSNd8Jb61JqcxDBbmoJQkevWFtCmo8ADyH_3kycDQTF91Z4e3j9b4nAQE06jahojL2AOivecGWQWI93LH2yAuq7x9s7ql063aazZmYEq20UsrEtgPGEALbJpgw5a1KqxfCobVqbth1K6ESooy58nBN3UGFi1ALryYTpu7cdzQu2dT655A6o7zDVvEpc5RwKu523afJvhbH0kyRst7dxg7g3a3M9Ku77ijryPkCPQtIDBhqeWXCYHXixhr_9Bnbd6SJ27iNoMjur2l0FtZOdC2AApTA==
2026-05-26 | Iuliia Nikitina,EUR,2026-05-26 | Iuliia Nikitina,788865|2026-05-26T13:11:17Z|INVOICE|2845868162|2,788865,"26/05/26, 15:11","26/05/26, 15:11",EUR,28,0,0,0,0,0,0,23.140496,4.859504,28,0,23.140496,28,0,0,1,,,Iuliia Nikitina,https://live.tebi.co/documents/receipts/BpqAHnu8tJDrlKNzFKIZQHEHDcxCl267OtCxRwo9IcIK4LkZa_ulk8M472JQ1f6IKkHFXOuWvy5PMXFCsOeTU0eU3sk9ZVt-IvYqs9NrertCHoIRHd7KlwXGI6iNVFsDWPSB57uLtywsEzIfasM_LEgjhm-8UDH6bQXiIIh7_ZWpYvdgISYb9DesNHCzn5SVqi8w-tIn2WYA7rCgnvUItHE_I6LMFfjyyodh2bzc8ZX0uFWmi_vXkWDnJ_iNGIwNvqZiz9qX2BQfOuS_ko00n8WpudaqpttnGQZITjHY3ZbNHvfao0INyk08NTQjPKfroYlsB75PTrnkGl0jpxOC5w==
2026-05-26 | Iuliia Nikitina,EUR,2026-05-26 | Iuliia Nikitina,788865|2026-05-26T13:11:53Z|INVOICE|2845868162|16,788865,"26/05/26, 15:11","26/05/26, 15:39",EUR,23,0,0,0,0,0,0,19.008264,3.991736,23,0,19.008264,23,0,0,1,,,Iuliia Nikitina,https://live.tebi.co/documents/receipts/eJlV6wePiFo2VpQSBaLML7_WWJz5_9ctQD2KyFdM1WU0esuPYXcFB9XrG9L6nw8QLsVfA4ATBg1LEbeuHnM-hnwdqQX8xVPNt5ybpISrB-TdQBd4n1NwOMZsxfSzWRBoo3UVOX8uRoj7luK7IxLDxGgGNTcR2vmhpAs7989Bahv3mnYZ0ERC4R7hAUcuEFsZgAhkTpT7fMtITreGGCMOJ7CAILRGzwZaHxhUoAk3U4TEQ9TgEUo0G6V5e-iOikN1VE-dk0HP-0Pa7y5zqEyfs94W6_CQA8bKa9AS8tTP1EoqIp6q9Q_sDxR-2wXMc7BMR18hn2wumisUs7xH-6mXwA==
2026-05-27 | Iuliia Nikitina,EUR,2026-05-27 | Iuliia Nikitina,788865|2026-05-27T09:43:20Z|INVOICE|2845868162|2,788865,"27/05/26, 11:43","27/05/26, 11:43",EUR,42,0,0,0,38.53211,3.46789,42,0,0,0,0,38.53211,42,0,0,1,,,Iuliia Nikitina,https://live.tebi.co/documents/receipts/YmvUHa_25ym3T-vPcPZ0yjkeGuWp3P6KBiNdAt_I4vpN3nqO2N2vR68V5g456o0ZR4kc_xi6B_7u4_fuh_TuFbahNWVHF1JLbHU9qJ8MwR6ci5P0Km9w1ofhppol8MPGEKGJP3U6rMYRc2DUXa1gfOYS__bAS-tK0vFuWcYJw5f6dKX4ZhcDme_AsE2z_QMn5h2ADsQ2W_d9cOdCr8U8pFjMAlhbsTHoRXsXx83Rd3vnJ7LEdT4GHR9TGsWhFX51ufJo_6mltOGmkFnYfBqjKvjU_yao9LnZBwYMwxck4DLnl0qSQzamFtrOT6reYPN7cXf1gcyrg0_5cLRtAXp0Yw==
2026-05-27 | Iuliia Nikitina,EUR,2026-05-27 | Iuliia Nikitina,788865|2026-05-27T12:58:27Z|INVOICE|2845868162|2,788865,"27/05/26, 14:58","27/05/26, 14:59",EUR,40,0,0,0,36.697248,3.302752,40,0,0,0,0,36.697248,40,0,0,3,,,Iuliia Nikitina,https://live.tebi.co/documents/receipts/TnlhN7PhlTjw9tOPWPH4RFOidzvBcN2fB5mi6qYdgOZ1_qV5IJmaGvyDWAF0IqiZjUVPGDSU8UI7NrMJfPLNzmQ4f3nuNFVebxkQcLJahdDBPvFYShgDqRkA2JKqx4GRxZoUoGaj3tR2OakQ9VsvpUPJpxId6P-URZ78XIBq4niAmRobGzjd3Qs6am-Gei_tB67NMrStaN40eRZRuZZuG_QctpaMQ1eu2TdeL8nzauhX2vGslfDUHwG338W1L0G3U7qLAuLyfJ3awmO3dd8Xog2wl5HSI52jEDgceti4DyFE9-E6DNfFL4orLjGjFbJDUn1vbFrwJ9Ch7LYxePz98g==
2026-05-27 | Iuliia Nikitina,EUR,2026-05-27 | Iuliia Nikitina,788865|2026-05-27T12:59:04Z|INVOICE|2845868162|18,788865,"27/05/26, 14:59","27/05/26, 16:36",EUR,33.5,0,0,0,30.733945,2.766055,33.5,0,0,0,0,30.733945,33.5,0,0,2,,,Iuliia Nikitina,https://live.tebi.co/documents/receipts/EMNdRyomXWD9QsrMu97wq6YNrPZalVV6JGmELGWRpxd74CM3PDowhVMVgUta9UgL8XLCbnEOsiEcnUFRSlGzxftoapFVOrrrXpUjs4uyGCD-7h39EqFMyAsmp_kkekkTkZ0R59oXyP9i0i15iBnQLpNU1yCB5I1b-oJauxmj4vmGQ4XCSz6oxdAyJeNOyvKhVzNboLov7Z6upS5pNNP6wF5xhxXPkc_GBQ4UwjxSwOVjImzCuxnCTT7eUA5cGfHptNYPuQ6ergyk-UVRdOQsgTZIUiH6S_ifhFeJyP8ls7Og-bkh4Pde53AYp7JMwx5JYLqeog0kCPCP9e-Y8CTE7A==
2026-05-27 | Iuliia Nikitina,EUR,2026-05-27 | Iuliia Nikitina,788865|2026-05-27T14:36:55Z|INVOICE|2845868162|34,788865,"27/05/26, 16:36","27/05/26, 17:36",EUR,42,0,0,0,38.53211,3.46789,42,0,0,0,0,38.53211,42,0,0,1,,,Iuliia Nikitina,https://live.tebi.co/documents/receipts/SNhFd5zIXUK4hj3uSzEEyE_eFGgM0MLTXjX8jm0bOoVhoAiwZaE0qaXUXWpJCGl1rhq11HesyOXYzNSpFRLfxTiL0x_NcgDzezru_ROkZXpoCFHAQYVqj71K1wb0A08msI5vfYxDMbdwD5am7Pbhuq-veUPqn3WmPKptb_YrjwwODFU8UPZvLqdC_b3nwjHMglevSHehqw6PQzoF6QKmste1_zFPsOR9EzwysBE3yy2QCJjPNbaauoTQAb-vtlr7flGOgh1E6UAWU2smvSf-OFBu4JQwJlBUEHfiBYkYvL_NlxdpntUNr79Wd1ZFuN29Y4eFisY6rDr25HE8ztW5IA==
2026-05-28 | Iuliia Nikitina,EUR,2026-05-28 | Iuliia Nikitina,788865|2026-05-28T12:14:25Z|INVOICE|2845868162|3,788865,"28/05/26, 14:14","28/05/26, 14:14",EUR,42,0,0,0,38.53211,3.46789,42,0,0,0,0,38.53211,42,0,0,1,,,Iuliia Nikitina,https://live.tebi.co/documents/receipts/m6m8_Wq90khUXpZPjVEsWmG2weT1BvHgqxo9d63HNzZypHxR88e5z5AtV9OjZM-cwqgdlfRutgn02bjmG1-sXcZEbIs2lzvaKWLvLgN-7SkQbyl3P873rXnqhJ9mSr7qkE-Fj9xoercxRHM6nQEsrre8-M9Nlz7tDsChBGNpDdgEKNNFIkYa2yEalCw8ar8f6oa7_VkJ1e-7xX78qTEHTgwQJD3TDVG3hyPGJFPov3u8JHsKWMidL-8j6AZw-9MrECPM28hm0mset5DyQ6PHPsRDB5IyQ2ClCiLks9A3BCkxF0bUaimPumghF3x3JcjQC9lC3OekoWWOqJSqhwDCtQ==
2026-05-28 | Iuliia Nikitina,EUR,2026-05-28 | Iuliia Nikitina,788865|2026-05-28T12:14:36Z|INVOICE|2845868162|16,788865,"28/05/26, 14:14","28/05/26, 14:40",EUR,23,0,0,0,21.100917,1.899083,23,0,0,0,0,21.100917,23,0,0,2,,,Iuliia Nikitina,https://live.tebi.co/documents/receipts/LBROqqbrSTmFrtBaNSRpi75W3VOKBq6J7aRFadcFSaX7obV7OlgFcnCFqk1xzUq4TIrL71kFGhaUPF9JnEmyKcUD9GVopoI4pvqY7j36OB7UYNriJ4x5kkNmK70UoQMM2608QHjhkzoLhhJkA1y5y861Bo-Dv9Qg246SKzXIc9ZxFiS_aeIJvlp-YtqJYjFdZ_k28IwtcgYaavxBjtYJQIwHPW-iRtwh5Gwrh-u8LZebK9eDxm4bI16RjZ26Z9a4q_kWN_gWmlT55CVgra68KfwAmqx-8B4z0QOeaEqlQyxEHuO0P6w7lG3tBUcqcDUMK-NCRpWczFfCJOWxgZy70Q==
2026-05-28 | Iuliia Nikitina,EUR,2026-05-28 | Iuliia Nikitina,788865|2026-05-28T12:40:09Z|INVOICE|2845868162|33,788865,"28/05/26, 14:40","28/05/26, 15:20",EUR,7.5,0,0,0,0,0,0,6.198347,1.301653,7.5,0,6.198347,7.5,0,0,1,,,Iuliia Nikitina,https://live.tebi.co/documents/receipts/jUsV5xtcmDMX5oRvpCbwJp_Mt-9MTAWHmwKLk_WP3xxrxoDU2wLGuRJQp9FMDigCGzl2B5BdnFaFDPLybXO8rm0coZ73QyULvTwjMnCjM9uWxrt6bDM4P-nA4lehHIPaUOhiO0nUsq9-KppXzwJbaLGgR0IhY6SaDIWM41T0Fe3zqb71yBrx-UFypwd-zusYXwdwUL1oCsfqSkNvwMv7kdg51PaY94pS6R8Vx5sGBjlALoHjaQkmlBKip4lveDBKtE_DyipYp9_8YLp-KnHTKrhD3tgjMz1lXLysslgoJjyZib8ppRvvGBy6OsbkFLhU5Q8JEMu_l_Zg_wN1_tH6WQ==
2026-05-28 | Iuliia Nikitina,EUR,2026-05-28 | Iuliia Nikitina,788865|2026-05-28T13:20:53Z|INVOICE|2845868162|49,788865,"28/05/26, 15:20","28/05/26, 15:24",EUR,93,0,0,0,85.321101,7.678899,93,0,0,0,0,85.321101,93,0,0,3,,,Iuliia Nikitina,https://live.tebi.co/documents/receipts/cTgYsytSu_VIFxCJ23pqgxqb57vGTUyRdZb-tmZIK-lS0s8XQOcT8SLlOMV5h-Mi-eMNWqJXTfN3rNlY73-8wzaY0f29dv9Zsv4QGH_x9tZlr3j6GU56Dowz86LfUDA_fXLk2JB81ZJmo36PV847GBGL8Qg-Mf_noaH5_llVACiaIIrspccSHBYQDKadE3uU3egL8-oCNYkX1mCVexI1kns9p9KMHtZlPP0uogA4y_PWvKfuJimb4r_L_56S37wiwzxYp03GwIjuiBniSug3MLlu6xbcHiQoABQ3BmoR3xtOcqjdL_1r7PrHWc579Q6bf0Osq2ZN3HLfrjaapGFDjA==
2026-05-28 | Iuliia Nikitina,EUR,2026-05-28 | Iuliia Nikitina,788865|2026-05-28T13:24:13Z|INVOICE|2845868162|67,788865,"28/05/26, 15:24","28/05/26, 15:48",EUR,31,0,0,0,0,0,0,25.619835,5.380165,31,0,25.619835,31,0,0,1,,,Iuliia Nikitina,https://live.tebi.co/documents/receipts/hlEBSv9Tcje5Nba4dFeIM6x7glxVUAkxUNSds4OAdZQVwq4HjjaJ1F5x5KNMSpT1hM2SY2CusRlexl2zwVyGRDfnCYOD6fTdhLYdH7jsWyRWVwjOrXRP_b7tsmoWDoWadwJeHVMkNJ3dpm6W-ZBV2h3F4q6wk2bmTTkmUG9fRZWAsrzSeWLwGTHlpWX7o4KjANxLvn_IzwCAy6XAZhlBuImrgxK3bLUWag9UCuKKslv-pNziW8ktbyC5uNMDVtcbnnhNTlDaDuHHv7U5mOHatnQ2D3kapLy0S-Ha2OhqlDpzme8UVHtv7NLJqafdTd9AD-HWIiQel1uvFJMzH3fsWw==
2026-05-28 | Iuliia Nikitina,EUR,2026-05-28 | Iuliia Nikitina,788865|2026-05-28T13:48:02Z|INVOICE|2845868162|82,788865,"28/05/26, 15:48","28/05/26, 16:10",EUR,18.35,0,0,0,16.834863,1.515137,18.35,0,0,0,0,16.834863,18.35,0,0,3,,,Iuliia Nikitina,https://live.tebi.co/documents/receipts/VlurH16oKjv7mf9vHXvI5uGhj5ne4DdBHZYN7rbTaQSENwHpjR488_m9tV0MIYY9PBNjsu1MUup657cVBR5lDBiuAnF-GdrYJp3E3CDtXlBLoNgC88C1lopB9N33qAvaP24eafKNGH2UPn7wShQ5fzOYWqOlTBXNS77T6oV_2Ico9MMM7fxdq6kyhSutDSem-arUot3jWQE0FD8lJBkkhQrKBsl4k7v8rFWRHEzdXlQYW_PHE7oulbjtJDxykhde1WwPM8qLuJ1bLtTqyIEvzpKwJjkapX-OhNACtwXc6tRI_LNsLcDDc9jH__2xTwPAYcTc-GiA7fWxktzWj-Bqtg==
2026-05-28 | Iuliia Nikitina,EUR,2026-05-28 | Iuliia Nikitina,788865|2026-05-28T14:10:06Z|INVOICE|2845868162|114,788865,"28/05/26, 16:10","28/05/26, 17:16",EUR,7.2,0,0,0,6.605505,0.594495,7.2,0,0,0,0,6.605505,7.2,0,0,1,,,Iuliia Nikitina,https://live.tebi.co/documents/receipts/e8yE5yJFGMLmcjIIYrKnGNfVBoWJT6V9JlOKt01LUMEsSjGICkDcIz4NzOU9o_0ddEtqNtwpx-wr6sweUx3HX3zDS6YtFCH5usD-CiXOWmMK-ETuukmMbDYxngPsLW7JASosWSHW4zLWzc6qUTMKXWNyWaq8fEFX-zXSh7gdNtp-0QfTFWh2ySybpOrR4LhPs2yEjUeSmKdqxYvH8oVkpXrjYhuNBZ4N4eM0HyrSYg_cfdtADUXB38FySIKboqZQER4JqSbiUq3r9We-bUrkQqMooXQsgG5h12Hn7E_ExzgimQeZ9J90k8BQHW6lLN1olfjKJjBPwAOq8RPM30gi4Q==
2026-05-29 | Iuliia Nikitina,EUR,2026-05-29 | Iuliia Nikitina,788865|2026-05-28T16:08:24Z|INVOICE|2845868162|134,788865,"28/05/26, 18:08","29/05/26, 12:41",EUR,7.5,0,0,0,0,0,0,6.198347,1.301653,7.5,0,6.198347,7.5,0,0,1,,,Iuliia Nikitina,https://live.tebi.co/documents/receipts/ayEhLb--tz07LemIhonBy1LfqNzpBZ-nTzUUZH9UBlLPbUywv618iEcK5afdt2roDn-j4DDnmYOpyINmJUEzzTZDvN9hGrnYdeADuJ8GA4SaNU22UkV-Mvnc9QTg13dJsiExkTKLKfuspFJbsadiL9ysQxL-33bHaJ5GzZL6xEasQY5hWru7YBTt8vyKwwiJZm8R2ZTngpFzX6xaklXllr6vvGZs5R2QjFvS4i7RE9w2QrjTz1KT1zQx1Zeb-XbVRMlPJdM82VSt7I0Z_aeP60JuXVCIkHiaE7_JJd5EWLNqU6BmXI1ZQ099WXgSk2d5nlxmxfnum28uLnTj8uzCvA==
2026-05-29 | Iuliia Nikitina,EUR,2026-05-29 | Iuliia Nikitina,788865|2026-05-29T10:41:21Z|INVOICE|2845868162|153,788865,"29/05/26, 12:41","29/05/26, 13:30",EUR,42,0,0,0,38.53211,3.46789,42,0,0,0,0,38.53211,42,0,0,1,,,Iuliia Nikitina,https://live.tebi.co/documents/receipts/hwhCni3Anv9XB7gEFantD8Cq5AhTGc1lzgAI_RTc3FBIeQdEP9cWIendnJLmxx-2E7QSdUXYWXbQX8X6ufcgEDL57xpH8jypfI2TBCPjv5YZAU3LDWcR4SeLUB3nnl_TrW35PX_JWMSU0VgpObX8_eW4UT_dcmej0JNne1-ZYbSvQeW9I2WCro9wAzpXQ_uTzmFzERFEkjgO5LI_DbocCl6dgvqjBq6NO87fewAEvwDKTUBvLqRTXtQLbNFKQgbFJwwIvwsuHsmXamaoblgnw7ck6RBQ4kxCZ_1soWAT4zunpfxoxaPNXdkB_o0Emadv_RWfV5nmMAQXXNo97_eu5g==
2026-05-29 | Iuliia Nikitina,EUR,2026-05-29 | Iuliia Nikitina,788865|2026-05-29T11:44:35Z|INVOICE|2845868162|2,788865,"29/05/26, 13:44","29/05/26, 13:45",EUR,61,0,0,0,55.963303,5.036697,61,0,0,0,0,55.963303,61,0,0,2,,,Iuliia Nikitina,https://live.tebi.co/documents/receipts/YrjPZVh2E4xSJJVYlFgCLwaU5ESW_EeA7DNgpUDQRMAJ-3inYlkTF7PY1nMdWCjAg7Uhl81ZLzayonjFQ1k5ZShVqfVQxeisAIr9PC1NsNNSJ9uYsTdD7hn0o9ECqAluYppci-eZB3mNIUaf3NLDVMbmKYvrncWSip7cQS2ejnzESzhOOLoOSmNK6nxxP0eGtrrV1mIur-cS7hHAaqYBTuJWBJJXpr7FNxhS4VIIt5Odynw4DZRz5lBgahxHwlj4M2uwQs_EqJhUibY42OVRrrriMVgpL1KDZq44JNshRlct5OszWVhBwrCUJkEHyUpX2nYloyukqYI38rhcMmeJag==
2026-05-29 | Iuliia Nikitina,EUR,2026-05-29 | Iuliia Nikitina,788865|2026-05-29T11:45:05Z|INVOICE|2845868162|17,788865,"29/05/26, 13:45","29/05/26, 14:02",EUR,14.4,0,0,0,13.211009,1.188991,14.4,0,0,0,0,13.211009,14.4,0,0,2,,,Iuliia Nikitina,https://live.tebi.co/documents/receipts/mlGwmOmURq_ZpCZYXXAwxgkdBvGPJL4fLeftl6XteFQHALJXM4u9UoZsvpy5AcP5NR5nen9_yFTnCqO-oWHFapsUnQjyFtBP7sathv13h1NSVTaLw73mROT3JpEMGhAcZpVCDJahT3ZO3lbYSnlUYlLi1FgdFzoxTJUuECRx9AKxRnM9JIjaZ6RUm7iku00HCgEuubzZpsiEdXOZyP-A2vmpcsIl-w7ZdVqJjznaS2qr4dbke46FIlDGOfiK_NSh20-IUR8u-frH7D_63z6x8MF1z8IilV4KptJGyJdmXYxlnWIgh6x0TkV6-i41lqtTHytbET6b5E8jlucovbv6GA==
2026-05-29 | Iuliia Nikitina,EUR,2026-05-29 | Iuliia Nikitina,788865|2026-05-29T12:02:38Z|INVOICE|2845868162|39,788865,"29/05/26, 14:02","29/05/26, 14:16",EUR,42,0,0,0,38.53211,3.46789,42,0,0,0,0,38.53211,42,0,0,1,,,Iuliia Nikitina,https://live.tebi.co/documents/receipts/J8QPpRYUqPXt3xjtbtEU4tK3sbTa2h6WhdwqyIbsamSCbxxzGBPme92YFXipLh3q0AtYoidsg0X9GIcQAD5i13k_0jMDEPWPw6zuXVt2nsEYntxG12vwJ8dV1eJB3svmmgfJhXjNFR2GI6HtUwB9WmfUCGIvuBOdT9znzAUkJU4lIlwhHEIavLPjNfhCdZv_Oe4H7FLDm8M7PUAF38JhpLon-eQvpiuDEExVUM9W3bAfRayUgrHwnDmaE8YTtPhZxKuVho2BOAuJTgmG_fuuyS__ZlrVOL568eUMlfzQviV6M3nMPdXJQjlzN2LpUoZ_9Ny5XEmiSBEcro9uHTJoTQ==
2026-05-29 | Iuliia Nikitina,EUR,2026-05-29 | Iuliia Nikitina,788865|2026-05-29T12:16:57Z|INVOICE|2845868162|53,788865,"29/05/26, 14:16","29/05/26, 15:03",EUR,19,0,0,0,17.431193,1.568807,19,0,0,0,0,17.431193,19,0,0,1,,,Iuliia Nikitina,https://live.tebi.co/documents/receipts/Lh0Ghb5m1K5yyUT_UE5znN1fXP64p8PYwHk5XHG2rhWRRm3aMJYYzNg9hOLugNfiMaRpkP-tLwgU5wDw8XLQmrdX_6I3ZBpHkuStDMI6VICazfmf2DxoyXLxPS2nW5ZiIn20oXWG4zHOKhWl86BlvSM3cF4gIz8DYhHNgpS3ykQDjCmkl7tMJ_bI0Q0AHNAqJCd0kCo7niAfdSx2-Bc3c10uPCPaJgz7i01oLCCKchfqr3bxGLwQmAqWfHNNcICQZbb4Gh-RkblrV9YPZCf3CPUJsLbRDZgQNWgPU2s36M0tfqkNyFggCe9ep6Mk9T2aG_4Jal1sur7Zg_-vd6EQIg==
2026-05-29 | Iuliia Nikitina,EUR,2026-05-29 | Iuliia Nikitina,788865|2026-05-29T13:03:18Z|INVOICE|2845868162|68,788865,"29/05/26, 15:03","29/05/26, 15:41",EUR,12,0,0,0,11.009174,0.990826,12,0,0,0,0,11.009174,12,0,0,1,,,Iuliia Nikitina,https://live.tebi.co/documents/receipts/EwdVM5m4HU0yhi8lflhLRXQStZVODeWuYnAQ-Mai2JSJqEZIiXwUf1Lc4fug8RNRZ_-2LG7XaGpuRbYuQHaQ1G101imuhLT2UyjqoJsOgaBv2HX8PwphAGItOios-bgEU05MjJ7IxjwgcWr8X3jtmSD4KjtovE1H3x0v7sHAm6BOAMjE0bW8h28PtXdgTo9q7z-qAhNYnbW2eX7GvlTnH3osmyW8uCGY1zm7q2wmZuf3yMTLiJeqamSMOnSVQKxlTOkI0q4iMcEqfqIwWlv4wF0kRrK0cXDyZ3P7wLfzUC1gGuYG3q1PVSreR9cozbQMBTB2jrJuQJyrLU2CI4I5iQ==
2026-05-30 | Iuliia Nikitina,EUR,2026-05-30 | Iuliia Nikitina,788865|2026-05-29T13:41:13Z|INVOICE|2845868162|83,788865,"29/05/26, 15:41","30/05/26, 9:44",EUR,29,0,0,0,0,0,0,23.966942,5.033058,29,0,23.966942,29,0,0,1,,,Iuliia Nikitina,https://live.tebi.co/documents/receipts/EJeoebNH6h47GHEwLHzpV4nxSV3fukBAUnObB6T82T8v7WcRf-o91wt_s_LxUiks-9tfaW0A45gJ45Diq1xqbMbPwOaH1Q2afyOb4cXjfVjqIONUHpwJcGCPQtOymm4d_UaJOkdKLqPmdpwMRjQL03fwErCIEcqB8pbS6CpJMVq2_xwe7x9ONqbWSl30KutEChf1kuHbDs-W6XX64YyPIk_qZK_hH-yobKg2LIo7FqOwkcWQKQl2F9cVjvrP-K_Pxf4TpsynLZwGgUmaCipwqG6e_xgoxQ1vp6Udu9RYdsNjQus8UHvjBCghHR0kAIFVkD77BcJfwrBiqScE0KcDaA==
2026-05-30 | Iuliia Nikitina,EUR,2026-05-30 | Iuliia Nikitina,788865|2026-05-30T07:44:20Z|INVOICE|2845868162|98,788865,"30/05/26, 9:44","30/05/26, 11:15",EUR,12,0,0,0,11.009174,0.990826,12,0,0,0,0,11.009174,12,0,0,1,,,Iuliia Nikitina,https://live.tebi.co/documents/receipts/b7bzjrTNh1O87djIHdVMwXzgpi5jLMJfE8vbDzy0C-VipkW8IyxjurfBDzpv0WczoPF7u9zZrZMPDIU8qK7Pp3OXbDD9T8uMgIrjJYuY3wSDkiSDWLPyALUqLXiyEP0wSpulvApigkdVT8_rYnjlLc9iTmuSDd5B-riFOi3A4rg1Tjcu6259SXHW8A6rLt3c-yF_D1cQ6t5bSxfJuYB8pg81yShbye7rOzkJx9MzaErmdFiDs26lW3SP6928lyMSbFDZ-_fHfJiJqdfUfslpwVU34hrfDl0C0XSMnV_4eSAVvVYv9eUsc9JSL1k5piZNxGw938E3El1MjtWdrERcoQ==
2026-05-30 | Iuliia Nikitina,EUR,2026-05-30 | Iuliia Nikitina,788865|2026-05-30T09:15:30Z|INVOICE|2845868162|113,788865,"30/05/26, 11:15","30/05/26, 11:17",EUR,31.5,0,0,0,0,0,0,26.033058,5.466942,31.5,0,26.033058,31.5,0,0,1,,,Iuliia Nikitina,https://live.tebi.co/documents/receipts/EHQwmiWtfueSDZuuprA1RyQDgbC404MpPebYbd0KxD3MHz_IYOkY3nSDLukZFcVM8Iqdu83jPwZQzaklR8hWU2AVB7R0qodBjBs4BlUjn1rOzXo5TyyihEqTSJab922Xykr06XH0HlKI-zCrIrQvEyjhh67v-nWBTa5Uob7KhvO7CLet9fNNDXsNkvS-GQqTro3YWRcxllRiYgF5v1Vd9028yxNyJkAd3adnPFzZYxkQfr9dlVzNbPu9PJIsP8SSnXmDiaOGAsflXLqQ8ZnhvVDX7a-dJoD1UwvMFu0k9auVYNOlzgrhqKhlYAenmyOATXcjb4ZI1vDimMpzUXLJhw==
2026-05-30 | Iuliia Nikitina,EUR,2026-05-30 | Iuliia Nikitina,788865|2026-05-30T09:17:13Z|INVOICE|2845868162|126,788865,"30/05/26, 11:17","30/05/26, 11:30",EUR,7.5,0,0,0,0,0,0,6.198347,1.301653,7.5,0,6.198347,7.5,0,0,1,,,Iuliia Nikitina,https://live.tebi.co/documents/receipts/lnxDoCQlm61cEUk4IGTUSWqS9Iy7b5eCNP0eZ3RBjDkuIzbfYYKYcVV3heyX3-W4BDbHcGUoTRaQtMe9RfbacPbwm8D9CeVHkGyn_JHnboCsI-VzatkqcCOdMzCh5TRpi2TCAGsb2E-WhL16Gh-HDqJdCZ56NXLBVffboqtyvhCxvUbQ5tPuaMc5xHL1OhpmoCkx6Cw4UtgD3pwqdLXS02RD12uxWU23i86-A2nRZqxZbSmbLsh9hnKQfcbuyLDhgY_2brJTNW1DK6wxrvPmjsB7rwoS6-eyCJOSZANwccpb-7Oo87OFp4xou7JqMXAf_x6IE7uF9t_Z-8Y6osoBVg==
2026-05-30 | Iuliia Nikitina,EUR,2026-05-30 | Iuliia Nikitina,788865|2026-05-30T09:30:01Z|INVOICE|2845868162|141,788865,"30/05/26, 11:30","30/05/26, 11:49",EUR,44.3,0,0,0,40.642203,3.657797,44.3,0,0,0,0,40.642203,44.3,0,0,3,,,Iuliia Nikitina,https://live.tebi.co/documents/receipts/dNcSrCBI3pq7PcVK8yJnyGaoaAloFtqY1Ptwjz1hZymZsD3BguSo5IoEJdbbvuJm3kzKPdT7mFO8tgegj0hfIbCGOCn9_T-KqR6poR4bhfUxD0K6wr7ieaqEkkvzbWbb-vIZ2VL35iMD9eswApwReyWaDkmvDeHYjTwmTGYBKAF6NURVpu9gINp0t2WyAjegSVBmoahALogz3wfF2Y9PRWo8lswYBeJ82cF13xPkgrU_5wiheLicpXpU9wbqLUvAsEIzvCrEy8mhFqzkmu67LqROjgVixMLy37dohx_Yt31U5dqRQMJfAPt2ngOznYyL8cU4We4tR76TePo-vq_r3w==
2026-05-30 | Iuliia Nikitina,EUR,2026-05-30 | Iuliia Nikitina,788865|2026-05-30T09:49:50Z|INVOICE|2845868162|164,788865,"30/05/26, 11:49","30/05/26, 12:03",EUR,42,0,0,0,38.53211,3.46789,42,0,0,0,0,38.53211,42,0,0,1,,,Iuliia Nikitina,https://live.tebi.co/documents/receipts/Bo8Eek_F6SRkM85oGxV4LYfPGpYx9Bbb0LfNbAGqKFxWX2577-XXwIrgjfXJRhSZAHL0A_V4f3dHepfFAqlc8_CCCv8vvGGQgKiSWGsOEfRtmAwW99ylWucGdGGr8wvKZNnk7Dekgfv-ZCzem6ANR2h_D5oM3PsnBG9mbJxuTCUAY7doF8-2c8I2EhJbP7Jlx1knPpSw-3P6L_3EgYTDDgtRaor00WqvVCGENPSPMNLyAmHrklJe9B3MWYBaG49_4scrxu-T-3Xpp7yZ65-wlcJ9eDQR5LepRtmE8Lw7jL3v0aqGPR7eqmwFw0JYrCJsFAg6dYnB6E8wWRwqaNRZJQ==
2026-05-30 | Iuliia Nikitina,EUR,2026-05-30 | Iuliia Nikitina,788865|2026-05-30T10:10:02Z|INVOICE|2845868162|178,788865,"30/05/26, 12:10","30/05/26, 12:10",EUR,55,0,0,0,0,0,0,45.454545,9.545455,55,0,45.454545,55,0,0,1,,,Iuliia Nikitina,https://live.tebi.co/documents/receipts/Dvr6ILMT1DNKYZdXmH_1TmyBdQp0FAURznle7iQpsT5225BWgm-PUDInHV85xaWdxh37N1GGCjVh3NZAWc8QFtn8awnIwEkGJpRNanEd0hfVC6PhmJEz8o4K8aor042XYRFjNMi1wxwaCl-j7AWUII_2sDcUHPOOrJ_Z9oE9rvU6tuGH6_L5jvAZ_Sszyjn530vIYnRJBoc-552HwOK8maHm5KxxY6ZshZJWRqj_dplyUrqfLHObOcgG6nhMqS3KtCx42RxWHi64ka_RCu0QgGPunbgLwWllFreoU56EVZSOhqkUyuTbar2oXAKr0kDbW_mOwPjiYo6ra781iQp-LQ==
2026-05-30 | Iuliia Nikitina,EUR,2026-05-30 | Iuliia Nikitina,788865|2026-05-30T10:10:30Z|INVOICE|2845868162|192,788865,"30/05/26, 12:10","30/05/26, 12:25",EUR,61,0,0,0,55.963303,5.036697,61,0,0,0,0,55.963303,61,0,0,2,,,Iuliia Nikitina,https://live.tebi.co/documents/receipts/Se4tphH20-crPSuggYSbT1n7abLYul_50oY13VgxqOrd51_1gipXo_vxsfZ7ERcoFXvcGH-W9fI5Bd8BE_FCBomd1wxGgjiHU0zxvBmgNXDOiqGPdzn2zjKyikvyf4dWYed3c0YjSdBusmINiHhvNEXR0TTBXBo5-cE6kqXfvVChArObLi5r6UupznrPuOZhbAU5oHxDPdRebHVHuOEt_qE6hxevYou_WEsjGWP0AGDbfk5uUyOvQ47y_7L9oeM6qwkCjDORuueKGoZt4nPUw9iH0YWgcSo5ynSeKax34CreKBiF5N94Ax_J1IxdfQOZFn0boxyChgxXm6Y7vHTCgQ==
2026-05-30 | Iuliia Nikitina,EUR,2026-05-30 | Iuliia Nikitina,788865|2026-05-30T10:25:01Z|INVOICE|2845868162|208,788865,"30/05/26, 12:25","30/05/26, 12:27",EUR,29,0,0,0,0,0,0,23.966942,5.033058,29,0,23.966942,29,0,0,1,,,Iuliia Nikitina,https://live.tebi.co/documents/receipts/WBdzejZptyNgb6yjQx92KS1WremMIDwKXUrN-PnN33LPzjfsFnByluZOOEOgq-s9YSV0jb_psPec80tFZZIEwV548ISDfp5VS-ezqvdngcSAsiqpwDvYJQ-tm_XR1f8iGKajXKylYXHnzNE89ed4pHWmJNO7jnTAWee-QYLEFO83SIt2-iscQ0E-VTj3HsRvd6Ji_0uHDJdakCy30vxIzU3SbOdo-hA_9WpcsEisCKMGuAYQLrxXmeG4zA8WMH23IbWkOgFs3tzgc3TT5On5JFKgJatPxLIm2cPMB5cUXgrp4LQ1m8D5Yx52ttpA5u3ZWBV3M1PK7Ld1VtsaPNXtOg==
2026-05-30 | Iuliia Nikitina,EUR,2026-05-30 | Iuliia Nikitina,788865|2026-05-30T10:42:35Z|INVOICE|2845868162|2,788865,"30/05/26, 12:42","30/05/26, 12:42",EUR,11,0,0,0,10.091743,0.908257,11,0,0,0,0,10.091743,11,0,0,1,,,Iuliia Nikitina,https://live.tebi.co/documents/receipts/QxK2fp-JGzYyCJOvastS03FFFfzKi_oaGWF6J4JYQPQokEMfOGR6sDg_ls0hBLxYLqIB1JrqFkUkoXch4k3yzV8pYdJ2PUWbho0kDHYNV3QQxQD_vCihOd-5FRlfHJrI58vrmPnr_6vnL6vga9_iYHbkwZLgip1-60DSp5xszyG4hLt4VDCGc1bzwfVM0lLFzZPEdoFjHiZxyOLg1pKPDUlO-sXPSbwBROt01ML_bo032DRXmJrhORnSRkjyB67K1cXxrxcZZkPqGTZQie_G2IzGOHs8mLZlVbuly5j908_T3CQlQenIBvM3DCnOoqF9PZ5w7hW7L3TkS-JC8nvpCg==
2026-05-30 | Iuliia Nikitina,EUR,2026-05-30 | Iuliia Nikitina,788865|2026-05-30T10:42:53Z|INVOICE|2845868162|16,788865,"30/05/26, 12:42","30/05/26, 12:50",EUR,4.99,0,0,0,0,0,0,4.123967,0.866033,4.99,0,4.123967,4.99,0,0,1,,,Iuliia Nikitina,https://live.tebi.co/documents/receipts/NBSuSXKiW4lS7rkCgj99Jf8LighrfOFfwcpnsDtARjghhFi8vXq8I5E-t4zEkVbFlHp8cJD9SEatuoQAwhmgw5iyEvX9deZAMCRy9E2DYP-biZPpESLA-6aRTd39TSe5yg_4mEHzhwvl9uGG94dIeu6x6WnE4a--jict-V5y6XiFgBlKkTqs8fDmqgK5Sp5O_AwtE1NexbrLLmiqfNwYnncaXxkqrYSomp_OTXfy1uvy20ai6ot9uXZbzLauPXxhMWZ2USJNIbFYynTla5ufBT8M-m7oiombAC9DOhXCbE_wKunwLGtaEh4MZOdDV9NqSMuJFU-I6Tm3HXzsysrOYQ==
2026-05-30 | Iuliia Nikitina,EUR,2026-05-30 | Iuliia Nikitina,788865|2026-05-30T10:50:13Z|INVOICE|2845868162|34,788865,"30/05/26, 12:50","30/05/26, 13:04",EUR,19,0,0,0,17.431193,1.568807,19,0,0,0,0,17.431193,19,0,0,1,,,Iuliia Nikitina,https://live.tebi.co/documents/receipts/QrAU6_bpQEpAACylXFv433SiKKGst2kaqitZ_lg68iR277YEoJE0Fz2eDLOy4tlTxycwNToc9mCj-eeM5h5s1SLhtQ-nKAMcOe_zGBtlG78kATjuIuWvKV7ImH0eyf12RkWowFCFyoY9YO-w9Ip9Xll-IRK_ANv8w3_kKxLbDELfPhrevo25GmTYvCXUsdwGmcI9u5W0Baq2IJL_ixVldP8Tk7209nCPm7pzxwGVH_rS1dzdZiiMhqpdJ5iCyIto3ww1qLc7pWCOW9YIyoJ7JYN6qg653G7sikaX9bInpdz1l9e1RrEyS023OPZmaPE4JVJgd4As-A0IebEW5qo2tw==
2026-05-30 | Iuliia Nikitina,EUR,2026-05-30 | Iuliia Nikitina,788865|2026-05-30T11:04:15Z|INVOICE|2845868162|50,788865,"30/05/26, 13:04","30/05/26, 13:53",EUR,13.8,0,0,0,12.66055,1.13945,13.8,0,0,0,0,12.66055,13.8,0,0,2,,,Iuliia Nikitina,https://live.tebi.co/documents/receipts/SspiV0aeVZMv-pC3H5t_ZzyQrM6YiEwssG-q_MqREl5gynmmjpct-EhQIlXhhLvsWfB65oACf9nYEUm25B9I_eeuZBaji0-8Pj8tiqKaWetrsdIA8cpFzf3GWyDdE8jr97tFPOdq8CTP7jpkkq9nAu0JnrzfhcyDHj_1HYbF9nbSnP-NnaxO4iDtf2EvV8QGR2tZ5gFeysmdqJ7uv862zAREDIbHiR6Po9gqUaB1hT2AHKn5kWQJGt-83jOOeMV-9TiDESvLprW2SYdI9TMT9Wo-jY3zxV2hAuNvQ8_Q86mziW-PwjcpU4XQBq5GUrYP-2tZg3schv1AuWkF9Z5OKw==
2026-05-30 | Iuliia Nikitina,EUR,2026-05-30 | Iuliia Nikitina,788865|2026-05-30T11:53:54Z|INVOICE|2845868162|71,788865,"30/05/26, 13:53","30/05/26, 14:31",EUR,4.5,0,0,0,4.12844,0.37156,4.5,0,0,0,0,4.12844,4.5,0,0,1,,,Iuliia Nikitina,https://live.tebi.co/documents/receipts/ev4eexDGiHPwJLU7rVXJdGyDs2w8oQCb7peHuVt0VRSlV92GxMhndG01ipb2oB34kWjrlov9ZIYQz29jh22Ax5rWMiEwxJd2DJgiUkT8NbOoT2kT8nprqte092akAjQBS83WmuyhAObJWy9HENIHAT1SlkFgXZliC12bVuxrd1RyDnoaI3cODZxHotQozJRkuXVHT6LzRcPEQ9fRPuXDgdgcri-TyFOMW4OHR2FknOgSn4M1kctw6rIXeXJ4KIc3LBA8AVzn5Hinqhue5GBxK-IPeKCV0HcVJVI9jVBQupr-4enhlHx1lwxMxGqOJs9RRy91JZC5bkgAvcZffkZpGA==
2026-05-30 | Iuliia Nikitina,EUR,2026-05-30 | Iuliia Nikitina,788865|2026-05-30T13:44:45Z|INVOICE|2845868162|2,788865,"30/05/26, 15:44","30/05/26, 15:45",EUR,80.95,0,0,0,0,0,0,66.900826,14.049174,80.95,0,66.900826,80.95,0,0,2,,,Iuliia Nikitina,https://live.tebi.co/documents/receipts/hCsnzDgiyMJHA6LVA0jW1HglXUy0NfZ3mVTaGWbH-qCGW-r12F0WbA40RDWmfR5D4sf_vcInfeVmYWjXwyQep3F2cdktUCJ3qhHTg9HRideRss9n-RNCCq7BogJqYXyXlQNfSlSWBdJfvGNx6KlkVaTAHXdkxkbpDrDFzdr136txoUyzzlKeSGxiLWwlO4wUpU7BMQfkP-reMJJFLRYrnTV_USnJXYUNgejwOO1mIVrTHkVluqZ2F_blvbRaRHbj1ZGevv60r37g4HYBF2PgsRZu5yxMDhn-2Rq0NtdA2l489UYMwdFG54yqrE0OGT6CWnre9xj8NN9nSNiVnQnrmQ==
2026-05-31 | Iuliia Nikitina,EUR,2026-05-31 | Iuliia Nikitina,788865|2026-05-31T08:27:59Z|INVOICE|2845868162|4,788865,"31/05/26, 10:27","31/05/26, 10:28",EUR,19,0,0,0,17.431193,1.568807,19,0,0,0,0,17.431193,19,0,0,1,,,Iuliia Nikitina,https://live.tebi.co/documents/receipts/ThDnI5xLuEaEM8iHm0W3ys-AHq5qrXzAY91hahiOD-9heNZfUL5sLvFIsQ2T1RAoKDIak4pFSPuL8RlJUArO8xq8QxY3uhRa-_lmcu0vXf10XfuEur1ivnkvGoy9O-ij1FPnA2cLEiSjVMUG2ikqxUTd-UblrpBcVw9lcGwMLlAbENQgSvh1O1pjt9UVN9a5XAHdOtchn5n--yWyaYrchO7nTAPUASO10EhXKLpI5wWVcv5-RN6CQxuoyM4rglPLhGc8kTPgzZn-YUAfG7fG5g1MF4EAYlBufD7sQgZFWnabDqIuZ70om-bN0CyNT3l_WKtOdklFKE4d71BOW2RGVQ==
2026-05-31 | Iuliia Nikitina,EUR,2026-05-31 | Iuliia Nikitina,788865|2026-05-31T09:08:59Z|INVOICE|2845868162|12,788865,"31/05/26, 11:08","31/05/26, 11:09",EUR,19,0,0,0,0,0,0,15.702479,3.297521,19,0,15.702479,19,0,0,1,,,Iuliia Nikitina,https://live.tebi.co/documents/receipts/WVN62VscFlt-Cuo2rOWLCinrxkdb_CjMrzTAkBRxadVq6HenRRdJi0PByH2gEVKR4xu0clSDbrLAq3ytkghoyGqsrAjH1wccI1pWXCXDaorbeoUWhEV0yv4jXfcc6gqBlNHv8tNULU0XxCNhyP9W5CNiRTct3DoGNR9y8vh6s35_N2CBvD9vttW2hfNNDRm9izGkioZBx6ckSNadHj2fGdUDoBIAvIc_e9C97TiRbSwBF14TfN8qbXy9xrf_faVk9htxzCZGFswA8B6CWfd4YeM5G6OKAm31w5Ec-zbi8QVuPEAufxvHRLWNUxOwWpmu-CtvikRV6M6J9FTE2v2t3w==
2026-05-31 | Iuliia Nikitina,EUR,2026-05-31 | Iuliia Nikitina,788865|2026-05-31T09:09:25Z|INVOICE|2845868162|26,788865,"31/05/26, 11:09","31/05/26, 12:21",EUR,27,0,0,0,0,0,0,22.31405,4.68595,27,0,22.31405,27,0,0,1,,,Iuliia Nikitina,https://live.tebi.co/documents/receipts/l_erLljACBS4MXMbbS-Al4m39UWFPVimyX3aN90Xf57uGq4U4BzYtyZWJj-sam4TkvCw7MczDYEzWqiE5ZHdg-RXrlvezsBkrPlB5cD9zpaMeQIECLJN8Du6urMG9RyD0Uk1ov1ZlFn6LkIeqqu20Ynf6IFhWmW0tdq7VFe3hm2c16EXiT7Ztew4YrG4urs9WnyCHLO3lcZ1f4RYVxE7k5Wucu9UYkehcZisj5M2xGKwkFNvF0NpOcS2J14NXTfvfxF16l0T7K8ePTNSD_trfdD8OwqltbxRoVSR3aXxIYMOx-NwpRdq9A8aFBWET69IaEOWPtaqblxyz5AJKxQFfw==
2026-05-31 | Iuliia Nikitina,EUR,2026-05-31 | Iuliia Nikitina,788865|2026-05-31T11:31:17Z|INVOICE|2845868162|2,788865,"31/05/26, 13:31","31/05/26, 13:31",EUR,42,0,0,0,38.53211,3.46789,42,0,0,0,0,38.53211,42,0,0,1,,,Iuliia Nikitina,https://live.tebi.co/documents/receipts/VMnEpf3NdIQw5n1sdFYLIVuePdfJ-NPlM2SORZ38QzP8JmvYF_5-AHZfkZO1v8TKgqpbW_bFNHmesp9k1aYCvWD_iBrUL7pSJvHs8Wo9825QOs-aydv4aqsiz59pr1fqFqNCDD_A6rIFhRXw21Pw0_FD_rBhJIjG06mPAntlR0ivV3h7-FQcSSheSpwN5U13hwhtvTOv0zyV7mlQtcG9HIohviB9vnWaulUC872zDWsHM-0YhQ1YAL8pjDsnKbEr1wYeNwe9YkU0xRYhFtf4RmCkgkOWSiZYlDwEnPr8g1KyKUa8hwUB1353aapt_gwsxELm8fOnHi6Hb2aGDEgFGA==
2026-05-31 | Iuliia Nikitina,EUR,2026-05-31 | Iuliia Nikitina,788865|2026-05-31T11:31:30Z|INVOICE|2845868162|15,788865,"31/05/26, 13:31","31/05/26, 13:45",EUR,42,0,0,0,38.53211,3.46789,42,0,0,0,0,38.53211,42,0,0,1,,,Iuliia Nikitina,https://live.tebi.co/documents/receipts/ZZNcwHH5zDE0m_qc20Vrxz5n-tiUywieAHosaKQjW5SIH8e_eMEPH5fZDH42XJgiVjyGVandAFDiVlay0nUUeIzW9sYCxZI1YLXfRYcPWKXvCH2PV20gTqWDY6uMQ9lickVVeHGJvLMoxPItTq9-sjlVL1FMM8X0txgmqC7HpFbxsh25JHcTCGpc6zj8QxTaV3BxO7pGXXtadKMVFhjYXSdviXt7REYyJHJ8qEzwky9Q50JqOvnQRm6HU3kYhLiayena1m2oULfg5VQdFaFJkU9vSU1UmbS8_4WNDermAxox_W4Vcx5Ed-UTZfbYN0fRBD9YqYPSmBW4n0waRyuaDw==
2026-05-31 | Iuliia Nikitina,EUR,2026-05-31 | Iuliia Nikitina,788865|2026-05-31T11:45:32Z|INVOICE|2845868162|29,788865,"31/05/26, 13:45","31/05/26, 14:00",EUR,42,0,0,0,38.53211,3.46789,42,0,0,0,0,38.53211,42,0,0,1,,,Iuliia Nikitina,https://live.tebi.co/documents/receipts/ARv4PuefK8P1Z2VqgrrrYhZWxJyeK5H_8HrdNOKiFkcMQm_RYZiIfUJ-wETp9YED4wp7ipmBgoSP25DAlGRR7qrgKAXzpsJ8uJzTLmUDknoIGoUybb0Laz0T1nZd0QxPzaaDYHCD8qqFTMk8sCI58OecCnV1A5NXF6_zMvrig2X9jYiTGuOQs1JflaywtRCadbljIerbMapNjc_HdM-88y6vezp1205boOQzkzyPNEvkTCKpa_LXfhiMvQ1B4I4XvL8cirMbnLToWEwD6Zl0VqXJ5Ie8OWDvQr5ASb_cuudMHxKwcxztBCWEYTSZpxV8HJTjdnFGNbd_2ShyMSoLmg==
2026-05-31 | Iuliia Nikitina,EUR,2026-05-31 | Iuliia Nikitina,788865|2026-05-31T12:00:13Z|INVOICE|2845868162|43,788865,"31/05/26, 14:00","31/05/26, 14:01",EUR,3.5,0,0,0,3.211009,0.288991,3.5,0,0,0,0,3.211009,3.5,0,0,1,,,Iuliia Nikitina,https://live.tebi.co/documents/receipts/VvhbvkM-CU74hRN0QbNsrKpzIEU5RciRmauiSt_7UygWtuK5MAFjyHUsA_grlTV18vpdVCeU95JimTSJskQ97lRu2SMdzU-PsrvQudsbJIUyPkmQ7CWz2022qqW_EOj5TnxcarCggN5esMCQbEaGnKbfD1pUVFC1tjEH2AlV8PQV52-pzJF20Z8ioC8Efe6orLc_e6rHZtMgFIkWFTPDk4DyG_ePNBNJ3Oaq24xEDKh3Ag2MLRTxPyih1DW0wp_2thNS1jx42AbaaCR643XwaabkYS7NL4HnXyxm4s3alXWYQdotQwxwkTIi7OmQPG0UAXF0jkol5y08ltcfQn_yeg==
2026-05-31 | Iuliia Nikitina,EUR,2026-05-31 | Iuliia Nikitina,788865|2026-05-31T12:01:31Z|INVOICE|2845868162|63,788865,"31/05/26, 14:01","31/05/26, 15:09",EUR,19,0,0,0,0,0,0,15.702479,3.297521,19,0,15.702479,19,0,0,1,,,Iuliia Nikitina,https://live.tebi.co/documents/receipts/BB5erBasNiPgSxuWxJq8_LWjg0rFZ6Ex5MvdQDGQntJjYyiiAI90_yYFq7IQJWXErxLVXffbtDou0hp3chif-feh8iBrqX8DKd0BDQgJGbdLL5GZ13-mT1OK6P447_87AnOBHxoGdUK5pFjYVeJABIOsqR0xdS-51rbX4DaObPzO92ovcmLSRsno11crl665VbKR5kde9YV843CEniPSAijA3RH-EuLP6KHm68cfCaqOnqvtM6g9Y31cVqUOpSfdQKtqYQo3N7ffDRReUJEnV6Ci3tlBOV2lEjq0YfvEJF5KM8hKBLEZYXa2h-Dp9bvMt_Vbc2zAPIvXl1FdpTaq5g==
2026-05-31 | Iuliia Nikitina,EUR,2026-05-31 | Iuliia Nikitina,788865|2026-05-31T13:09:50Z|INVOICE|2845868162|78,788865,"31/05/26, 15:09","31/05/26, 15:54",EUR,21,0,0,0,19.266055,1.733945,21,0,0,0,0,19.266055,21,0,0,2,,,Iuliia Nikitina,https://live.tebi.co/documents/receipts/dQrVtDFb1Z2KofOB-ZHkPPsAkct4frJwCGKC2NoyhY9io3_u2NH_GL9XlfuClhKjZyPEJ65wFxNLAxUz_8R5uCQI_BXAtDljuaMd5Hv3V4j5TFkMmgHKDHE4IjDebltSSlkb8cV7Gdmuw8QHASaf_wUfcrEszN67EMqDoDH4FiRZk_GvtzVutWjxKtEZZOc43Mdc2QPqNacUAl_ExW0-p6U7m0UBA8lRI61cyMF-WNilDQPK5Yx_KQtXNo4MbtrHS84WDWBN1CkR8dyYExhInPk5EwzGBT15fsQmr5vADgRhcp8W021TmbBAI4mCLKSPEngBZ0ME6AAKHMHZc7nSPA==
